data_date,source_url,table_idx,table_section,row,col,header_top,header_left,value
2018-08-02,https://mofe.go.kr/st/ecnmyidx/detailTbEconomyIndicatorView.do?bbsId=MOSFBBS_000000000045&searchNttId1=MOSF_000000000018352&menuNo=6010200,0,,0,0,,,일일경제지표 (18. 8. 2. 목) 17:30 현재
2018-08-02,https://mofe.go.kr/st/ecnmyidx/detailTbEconomyIndicatorView.do?bbsId=MOSFBBS_000000000045&searchNttId1=MOSF_000000000018352&menuNo=6010200,1,,0,0,,,KOSPI 지수(1.60%하락) 달러 환율(0.49%상승)
2018-08-02,https://mofe.go.kr/st/ecnmyidx/detailTbEconomyIndicatorView.do?bbsId=MOSFBBS_000000000045&searchNttId1=MOSF_000000000018352&menuNo=6010200,2,금리,0,0,,,
2018-08-02,https://mofe.go.kr/st/ecnmyidx/detailTbEconomyIndicatorView.do?bbsId=MOSFBBS_000000000045&searchNttId1=MOSF_000000000018352&menuNo=6010200,2,금리,0,1,,,‘16 말
2018-08-02,https://mofe.go.kr/st/ecnmyidx/detailTbEconomyIndicatorView.do?bbsId=MOSFBBS_000000000045&searchNttId1=MOSF_000000000018352&menuNo=6010200,2,금리,0,2,,,‘17 말
2018-08-02,https://mofe.go.kr/st/ecnmyidx/detailTbEconomyIndicatorView.do?bbsId=MOSFBBS_000000000045&searchNttId1=MOSF_000000000018352&menuNo=6010200,2,금리,0,3,,,‘18.6 말
2018-08-02,https://mofe.go.kr/st/ecnmyidx/detailTbEconomyIndicatorView.do?bbsId=MOSFBBS_000000000045&searchNttId1=MOSF_000000000018352&menuNo=6010200,2,금리,0,4,,,7.31
2018-08-02,https://mofe.go.kr/st/ecnmyidx/detailTbEconomyIndicatorView.do?bbsId=MOSFBBS_000000000045&searchNttId1=MOSF_000000000018352&menuNo=6010200,2,금리,0,5,,,8.1
2018-08-02,https://mofe.go.kr/st/ecnmyidx/detailTbEconomyIndicatorView.do?bbsId=MOSFBBS_000000000045&searchNttId1=MOSF_000000000018352&menuNo=6010200,2,금리,0,6,,,8.2
2018-08-02,https://mofe.go.kr/st/ecnmyidx/detailTbEconomyIndicatorView.do?bbsId=MOSFBBS_000000000045&searchNttId1=MOSF_000000000018352&menuNo=6010200,2,금리,0,7,,,전일비
2018-08-02,https://mofe.go.kr/st/ecnmyidx/detailTbEconomyIndicatorView.do?bbsId=MOSFBBS_000000000045&searchNttId1=MOSF_000000000018352&menuNo=6010200,2,금리,0,8,,,‘17 말비
2018-08-02,https://mofe.go.kr/st/ecnmyidx/detailTbEconomyIndicatorView.do?bbsId=MOSFBBS_000000000045&searchNttId1=MOSF_000000000018352&menuNo=6010200,2,금리,1,0,,,콜금리 (1일)
2018-08-02,https://mofe.go.kr/st/ecnmyidx/detailTbEconomyIndicatorView.do?bbsId=MOSFBBS_000000000045&searchNttId1=MOSF_000000000018352&menuNo=6010200,2,금리,1,1,‘16 말,콜금리 (1일),1.24
2018-08-02,https://mofe.go.kr/st/ecnmyidx/detailTbEconomyIndicatorView.do?bbsId=MOSFBBS_000000000045&searchNttId1=MOSF_000000000018352&menuNo=6010200,2,금리,1,2,‘17 말,콜금리 (1일),1.55
2018-08-02,https://mofe.go.kr/st/ecnmyidx/detailTbEconomyIndicatorView.do?bbsId=MOSFBBS_000000000045&searchNttId1=MOSF_000000000018352&menuNo=6010200,2,금리,1,3,‘18.6 말,콜금리 (1일),1.53
2018-08-02,https://mofe.go.kr/st/ecnmyidx/detailTbEconomyIndicatorView.do?bbsId=MOSFBBS_000000000045&searchNttId1=MOSF_000000000018352&menuNo=6010200,2,금리,1,4,7.31,콜금리 (1일),1.49
2018-08-02,https://mofe.go.kr/st/ecnmyidx/detailTbEconomyIndicatorView.do?bbsId=MOSFBBS_000000000045&searchNttId1=MOSF_000000000018352&menuNo=6010200,2,금리,1,5,8.1,콜금리 (1일),1.52
2018-08-02,https://mofe.go.kr/st/ecnmyidx/detailTbEconomyIndicatorView.do?bbsId=MOSFBBS_000000000045&searchNttId1=MOSF_000000000018352&menuNo=6010200,2,금리,1,6,8.2,콜금리 (1일),1.50
2018-08-02,https://mofe.go.kr/st/ecnmyidx/detailTbEconomyIndicatorView.do?bbsId=MOSFBBS_000000000045&searchNttId1=MOSF_000000000018352&menuNo=6010200,2,금리,1,7,전일비,콜금리 (1일),△0.02
2018-08-02,https://mofe.go.kr/st/ecnmyidx/detailTbEconomyIndicatorView.do?bbsId=MOSFBBS_000000000045&searchNttId1=MOSF_000000000018352&menuNo=6010200,2,금리,1,8,‘17 말비,콜금리 (1일),△0.05
2018-08-02,https://mofe.go.kr/st/ecnmyidx/detailTbEconomyIndicatorView.do?bbsId=MOSFBBS_000000000045&searchNttId1=MOSF_000000000018352&menuNo=6010200,2,금리,2,0,,,CD (91 일)
2018-08-02,https://mofe.go.kr/st/ecnmyidx/detailTbEconomyIndicatorView.do?bbsId=MOSFBBS_000000000045&searchNttId1=MOSF_000000000018352&menuNo=6010200,2,금리,2,1,‘16 말,CD (91 일),1.52
2018-08-02,https://mofe.go.kr/st/ecnmyidx/detailTbEconomyIndicatorView.do?bbsId=MOSFBBS_000000000045&searchNttId1=MOSF_000000000018352&menuNo=6010200,2,금리,2,2,‘17 말,CD (91 일),1.66
2018-08-02,https://mofe.go.kr/st/ecnmyidx/detailTbEconomyIndicatorView.do?bbsId=MOSFBBS_000000000045&searchNttId1=MOSF_000000000018352&menuNo=6010200,2,금리,2,3,‘18.6 말,CD (91 일),1.65
2018-08-02,https://mofe.go.kr/st/ecnmyidx/detailTbEconomyIndicatorView.do?bbsId=MOSFBBS_000000000045&searchNttId1=MOSF_000000000018352&menuNo=6010200,2,금리,2,4,7.31,CD (91 일),1.65
2018-08-02,https://mofe.go.kr/st/ecnmyidx/detailTbEconomyIndicatorView.do?bbsId=MOSFBBS_000000000045&searchNttId1=MOSF_000000000018352&menuNo=6010200,2,금리,2,5,8.1,CD (91 일),1.65
2018-08-02,https://mofe.go.kr/st/ecnmyidx/detailTbEconomyIndicatorView.do?bbsId=MOSFBBS_000000000045&searchNttId1=MOSF_000000000018352&menuNo=6010200,2,금리,2,6,8.2,CD (91 일),1.65
2018-08-02,https://mofe.go.kr/st/ecnmyidx/detailTbEconomyIndicatorView.do?bbsId=MOSFBBS_000000000045&searchNttId1=MOSF_000000000018352&menuNo=6010200,2,금리,2,7,전일비,CD (91 일),0
2018-08-02,https://mofe.go.kr/st/ecnmyidx/detailTbEconomyIndicatorView.do?bbsId=MOSFBBS_000000000045&searchNttId1=MOSF_000000000018352&menuNo=6010200,2,금리,2,8,‘17 말비,CD (91 일),△0.01
2018-08-02,https://mofe.go.kr/st/ecnmyidx/detailTbEconomyIndicatorView.do?bbsId=MOSFBBS_000000000045&searchNttId1=MOSF_000000000018352&menuNo=6010200,2,금리,3,0,,,국고채 (3년)
2018-08-02,https://mofe.go.kr/st/ecnmyidx/detailTbEconomyIndicatorView.do?bbsId=MOSFBBS_000000000045&searchNttId1=MOSF_000000000018352&menuNo=6010200,2,금리,3,1,‘16 말,국고채 (3년),1.64
2018-08-02,https://mofe.go.kr/st/ecnmyidx/detailTbEconomyIndicatorView.do?bbsId=MOSFBBS_000000000045&searchNttId1=MOSF_000000000018352&menuNo=6010200,2,금리,3,2,‘17 말,국고채 (3년),2.14
2018-08-02,https://mofe.go.kr/st/ecnmyidx/detailTbEconomyIndicatorView.do?bbsId=MOSFBBS_000000000045&searchNttId1=MOSF_000000000018352&menuNo=6010200,2,금리,3,3,‘18.6 말,국고채 (3년),2.12
2018-08-02,https://mofe.go.kr/st/ecnmyidx/detailTbEconomyIndicatorView.do?bbsId=MOSFBBS_000000000045&searchNttId1=MOSF_000000000018352&menuNo=6010200,2,금리,3,4,7.31,국고채 (3년),2.12
2018-08-02,https://mofe.go.kr/st/ecnmyidx/detailTbEconomyIndicatorView.do?bbsId=MOSFBBS_000000000045&searchNttId1=MOSF_000000000018352&menuNo=6010200,2,금리,3,5,8.1,국고채 (3년),2.12
2018-08-02,https://mofe.go.kr/st/ecnmyidx/detailTbEconomyIndicatorView.do?bbsId=MOSFBBS_000000000045&searchNttId1=MOSF_000000000018352&menuNo=6010200,2,금리,3,6,8.2,국고채 (3년),2.11
2018-08-02,https://mofe.go.kr/st/ecnmyidx/detailTbEconomyIndicatorView.do?bbsId=MOSFBBS_000000000045&searchNttId1=MOSF_000000000018352&menuNo=6010200,2,금리,3,7,전일비,국고채 (3년),△0.01
2018-08-02,https://mofe.go.kr/st/ecnmyidx/detailTbEconomyIndicatorView.do?bbsId=MOSFBBS_000000000045&searchNttId1=MOSF_000000000018352&menuNo=6010200,2,금리,3,8,‘17 말비,국고채 (3년),△0.02
2018-08-02,https://mofe.go.kr/st/ecnmyidx/detailTbEconomyIndicatorView.do?bbsId=MOSFBBS_000000000045&searchNttId1=MOSF_000000000018352&menuNo=6010200,2,금리,4,0,,,국고채 (5년)
2018-08-02,https://mofe.go.kr/st/ecnmyidx/detailTbEconomyIndicatorView.do?bbsId=MOSFBBS_000000000045&searchNttId1=MOSF_000000000018352&menuNo=6010200,2,금리,4,1,‘16 말,국고채 (5년),1.80
2018-08-02,https://mofe.go.kr/st/ecnmyidx/detailTbEconomyIndicatorView.do?bbsId=MOSFBBS_000000000045&searchNttId1=MOSF_000000000018352&menuNo=6010200,2,금리,4,2,‘17 말,국고채 (5년),2.34
2018-08-02,https://mofe.go.kr/st/ecnmyidx/detailTbEconomyIndicatorView.do?bbsId=MOSFBBS_000000000045&searchNttId1=MOSF_000000000018352&menuNo=6010200,2,금리,4,3,‘18.6 말,국고채 (5년),2.35
2018-08-02,https://mofe.go.kr/st/ecnmyidx/detailTbEconomyIndicatorView.do?bbsId=MOSFBBS_000000000045&searchNttId1=MOSF_000000000018352&menuNo=6010200,2,금리,4,4,7.31,국고채 (5년),2.36
2018-08-02,https://mofe.go.kr/st/ecnmyidx/detailTbEconomyIndicatorView.do?bbsId=MOSFBBS_000000000045&searchNttId1=MOSF_000000000018352&menuNo=6010200,2,금리,4,5,8.1,국고채 (5년),2.38
2018-08-02,https://mofe.go.kr/st/ecnmyidx/detailTbEconomyIndicatorView.do?bbsId=MOSFBBS_000000000045&searchNttId1=MOSF_000000000018352&menuNo=6010200,2,금리,4,6,8.2,국고채 (5년),2.36
2018-08-02,https://mofe.go.kr/st/ecnmyidx/detailTbEconomyIndicatorView.do?bbsId=MOSFBBS_000000000045&searchNttId1=MOSF_000000000018352&menuNo=6010200,2,금리,4,7,전일비,국고채 (5년),△0.01
2018-08-02,https://mofe.go.kr/st/ecnmyidx/detailTbEconomyIndicatorView.do?bbsId=MOSFBBS_000000000045&searchNttId1=MOSF_000000000018352&menuNo=6010200,2,금리,4,8,‘17 말비,국고채 (5년),0.02
2018-08-02,https://mofe.go.kr/st/ecnmyidx/detailTbEconomyIndicatorView.do?bbsId=MOSFBBS_000000000045&searchNttId1=MOSF_000000000018352&menuNo=6010200,2,금리,5,0,,,"회사채 (3년, AA-)"
2018-08-02,https://mofe.go.kr/st/ecnmyidx/detailTbEconomyIndicatorView.do?bbsId=MOSFBBS_000000000045&searchNttId1=MOSF_000000000018352&menuNo=6010200,2,금리,5,1,‘16 말,"회사채 (3년, AA-)",2.13
2018-08-02,https://mofe.go.kr/st/ecnmyidx/detailTbEconomyIndicatorView.do?bbsId=MOSFBBS_000000000045&searchNttId1=MOSF_000000000018352&menuNo=6010200,2,금리,5,2,‘17 말,"회사채 (3년, AA-)",2.68
2018-08-02,https://mofe.go.kr/st/ecnmyidx/detailTbEconomyIndicatorView.do?bbsId=MOSFBBS_000000000045&searchNttId1=MOSF_000000000018352&menuNo=6010200,2,금리,5,3,‘18.6 말,"회사채 (3년, AA-)",2.77
2018-08-02,https://mofe.go.kr/st/ecnmyidx/detailTbEconomyIndicatorView.do?bbsId=MOSFBBS_000000000045&searchNttId1=MOSF_000000000018352&menuNo=6010200,2,금리,5,4,7.31,"회사채 (3년, AA-)",2.78
2018-08-02,https://mofe.go.kr/st/ecnmyidx/detailTbEconomyIndicatorView.do?bbsId=MOSFBBS_000000000045&searchNttId1=MOSF_000000000018352&menuNo=6010200,2,금리,5,5,8.1,"회사채 (3년, AA-)",2.78
2018-08-02,https://mofe.go.kr/st/ecnmyidx/detailTbEconomyIndicatorView.do?bbsId=MOSFBBS_000000000045&searchNttId1=MOSF_000000000018352&menuNo=6010200,2,금리,5,6,8.2,"회사채 (3년, AA-)",2.77
2018-08-02,https://mofe.go.kr/st/ecnmyidx/detailTbEconomyIndicatorView.do?bbsId=MOSFBBS_000000000045&searchNttId1=MOSF_000000000018352&menuNo=6010200,2,금리,5,7,전일비,"회사채 (3년, AA-)",△0.01
2018-08-02,https://mofe.go.kr/st/ecnmyidx/detailTbEconomyIndicatorView.do?bbsId=MOSFBBS_000000000045&searchNttId1=MOSF_000000000018352&menuNo=6010200,2,금리,5,8,‘17 말비,"회사채 (3년, AA-)",0.09
2018-08-02,https://mofe.go.kr/st/ecnmyidx/detailTbEconomyIndicatorView.do?bbsId=MOSFBBS_000000000045&searchNttId1=MOSF_000000000018352&menuNo=6010200,2,금리,6,0,,,"외국인 채권 순매수 * (상장 , 억원)"
2018-08-02,https://mofe.go.kr/st/ecnmyidx/detailTbEconomyIndicatorView.do?bbsId=MOSFBBS_000000000045&searchNttId1=MOSF_000000000018352&menuNo=6010200,2,금리,6,1,‘16 말,"외국인 채권 순매수 * (상장 , 억원)",297
2018-08-02,https://mofe.go.kr/st/ecnmyidx/detailTbEconomyIndicatorView.do?bbsId=MOSFBBS_000000000045&searchNttId1=MOSF_000000000018352&menuNo=6010200,2,금리,6,2,‘17 말,"외국인 채권 순매수 * (상장 , 억원)",△66
2018-08-02,https://mofe.go.kr/st/ecnmyidx/detailTbEconomyIndicatorView.do?bbsId=MOSFBBS_000000000045&searchNttId1=MOSF_000000000018352&menuNo=6010200,2,금리,6,3,‘18.6 말,"외국인 채권 순매수 * (상장 , 억원)",300
2018-08-02,https://mofe.go.kr/st/ecnmyidx/detailTbEconomyIndicatorView.do?bbsId=MOSFBBS_000000000045&searchNttId1=MOSF_000000000018352&menuNo=6010200,2,금리,6,4,7.31,"외국인 채권 순매수 * (상장 , 억원)","4,165"
2018-08-02,https://mofe.go.kr/st/ecnmyidx/detailTbEconomyIndicatorView.do?bbsId=MOSFBBS_000000000045&searchNttId1=MOSF_000000000018352&menuNo=6010200,2,금리,6,5,8.1,"외국인 채권 순매수 * (상장 , 억원)","5,486"
2018-08-02,https://mofe.go.kr/st/ecnmyidx/detailTbEconomyIndicatorView.do?bbsId=MOSFBBS_000000000045&searchNttId1=MOSF_000000000018352&menuNo=6010200,2,금리,6,6,8.2,"외국인 채권 순매수 * (상장 , 억원)","5,982"
2018-08-02,https://mofe.go.kr/st/ecnmyidx/detailTbEconomyIndicatorView.do?bbsId=MOSFBBS_000000000045&searchNttId1=MOSF_000000000018352&menuNo=6010200,2,금리,6,7,전일비,"외국인 채권 순매수 * (상장 , 억원)",496
2018-08-02,https://mofe.go.kr/st/ecnmyidx/detailTbEconomyIndicatorView.do?bbsId=MOSFBBS_000000000045&searchNttId1=MOSF_000000000018352&menuNo=6010200,2,금리,6,8,‘17 말비,"외국인 채권 순매수 * (상장 , 억원)","6,048"
2018-08-02,https://mofe.go.kr/st/ecnmyidx/detailTbEconomyIndicatorView.do?bbsId=MOSFBBS_000000000045&searchNttId1=MOSF_000000000018352&menuNo=6010200,3,주가,0,0,,,
2018-08-02,https://mofe.go.kr/st/ecnmyidx/detailTbEconomyIndicatorView.do?bbsId=MOSFBBS_000000000045&searchNttId1=MOSF_000000000018352&menuNo=6010200,3,주가,0,1,,,‘16 말
2018-08-02,https://mofe.go.kr/st/ecnmyidx/detailTbEconomyIndicatorView.do?bbsId=MOSFBBS_000000000045&searchNttId1=MOSF_000000000018352&menuNo=6010200,3,주가,0,2,,,‘17 말
2018-08-02,https://mofe.go.kr/st/ecnmyidx/detailTbEconomyIndicatorView.do?bbsId=MOSFBBS_000000000045&searchNttId1=MOSF_000000000018352&menuNo=6010200,3,주가,0,3,,,‘18.6 말
2018-08-02,https://mofe.go.kr/st/ecnmyidx/detailTbEconomyIndicatorView.do?bbsId=MOSFBBS_000000000045&searchNttId1=MOSF_000000000018352&menuNo=6010200,3,주가,0,4,,,7.31
2018-08-02,https://mofe.go.kr/st/ecnmyidx/detailTbEconomyIndicatorView.do?bbsId=MOSFBBS_000000000045&searchNttId1=MOSF_000000000018352&menuNo=6010200,3,주가,0,5,,,8.1
2018-08-02,https://mofe.go.kr/st/ecnmyidx/detailTbEconomyIndicatorView.do?bbsId=MOSFBBS_000000000045&searchNttId1=MOSF_000000000018352&menuNo=6010200,3,주가,0,6,,,8.2
2018-08-02,https://mofe.go.kr/st/ecnmyidx/detailTbEconomyIndicatorView.do?bbsId=MOSFBBS_000000000045&searchNttId1=MOSF_000000000018352&menuNo=6010200,3,주가,0,7,,,전일비
2018-08-02,https://mofe.go.kr/st/ecnmyidx/detailTbEconomyIndicatorView.do?bbsId=MOSFBBS_000000000045&searchNttId1=MOSF_000000000018352&menuNo=6010200,3,주가,0,8,,,‘17 말비(%)
2018-08-02,https://mofe.go.kr/st/ecnmyidx/detailTbEconomyIndicatorView.do?bbsId=MOSFBBS_000000000045&searchNttId1=MOSF_000000000018352&menuNo=6010200,3,주가,1,0,,,KOSPI
2018-08-02,https://mofe.go.kr/st/ecnmyidx/detailTbEconomyIndicatorView.do?bbsId=MOSFBBS_000000000045&searchNttId1=MOSF_000000000018352&menuNo=6010200,3,주가,1,1,‘16 말,KOSPI,"2,026.46"
2018-08-02,https://mofe.go.kr/st/ecnmyidx/detailTbEconomyIndicatorView.do?bbsId=MOSFBBS_000000000045&searchNttId1=MOSF_000000000018352&menuNo=6010200,3,주가,1,2,‘17 말,KOSPI,"2,467.49"
2018-08-02,https://mofe.go.kr/st/ecnmyidx/detailTbEconomyIndicatorView.do?bbsId=MOSFBBS_000000000045&searchNttId1=MOSF_000000000018352&menuNo=6010200,3,주가,1,3,‘18.6 말,KOSPI,"2,326.13"
2018-08-02,https://mofe.go.kr/st/ecnmyidx/detailTbEconomyIndicatorView.do?bbsId=MOSFBBS_000000000045&searchNttId1=MOSF_000000000018352&menuNo=6010200,3,주가,1,4,7.31,KOSPI,"2,295.26"
2018-08-02,https://mofe.go.kr/st/ecnmyidx/detailTbEconomyIndicatorView.do?bbsId=MOSFBBS_000000000045&searchNttId1=MOSF_000000000018352&menuNo=6010200,3,주가,1,5,8.1,KOSPI,"2,307.07"
2018-08-02,https://mofe.go.kr/st/ecnmyidx/detailTbEconomyIndicatorView.do?bbsId=MOSFBBS_000000000045&searchNttId1=MOSF_000000000018352&menuNo=6010200,3,주가,1,6,8.2,KOSPI,"2,270.20"
2018-08-02,https://mofe.go.kr/st/ecnmyidx/detailTbEconomyIndicatorView.do?bbsId=MOSFBBS_000000000045&searchNttId1=MOSF_000000000018352&menuNo=6010200,3,주가,1,7,전일비,KOSPI,△1.60%
2018-08-02,https://mofe.go.kr/st/ecnmyidx/detailTbEconomyIndicatorView.do?bbsId=MOSFBBS_000000000045&searchNttId1=MOSF_000000000018352&menuNo=6010200,3,주가,1,8,‘17 말비(%),KOSPI,△8.00%
2018-08-02,https://mofe.go.kr/st/ecnmyidx/detailTbEconomyIndicatorView.do?bbsId=MOSFBBS_000000000045&searchNttId1=MOSF_000000000018352&menuNo=6010200,3,주가,2,0,,,"- 거래대금 (억원, 일평균)"
2018-08-02,https://mofe.go.kr/st/ecnmyidx/detailTbEconomyIndicatorView.do?bbsId=MOSFBBS_000000000045&searchNttId1=MOSF_000000000018352&menuNo=6010200,3,주가,2,1,‘16 말,"- 거래대금 (억원, 일평균)",-
2018-08-02,https://mofe.go.kr/st/ecnmyidx/detailTbEconomyIndicatorView.do?bbsId=MOSFBBS_000000000045&searchNttId1=MOSF_000000000018352&menuNo=6010200,3,주가,2,2,‘17 말,"- 거래대금 (억원, 일평균)","42,744"
2018-08-02,https://mofe.go.kr/st/ecnmyidx/detailTbEconomyIndicatorView.do?bbsId=MOSFBBS_000000000045&searchNttId1=MOSF_000000000018352&menuNo=6010200,3,주가,2,3,‘18.6 말,"- 거래대금 (억원, 일평균)","63,097"
2018-08-02,https://mofe.go.kr/st/ecnmyidx/detailTbEconomyIndicatorView.do?bbsId=MOSFBBS_000000000045&searchNttId1=MOSF_000000000018352&menuNo=6010200,3,주가,2,4,7.31,"- 거래대금 (억원, 일평균)","48,784"
2018-08-02,https://mofe.go.kr/st/ecnmyidx/detailTbEconomyIndicatorView.do?bbsId=MOSFBBS_000000000045&searchNttId1=MOSF_000000000018352&menuNo=6010200,3,주가,2,5,8.1,"- 거래대금 (억원, 일평균)","48,329"
2018-08-02,https://mofe.go.kr/st/ecnmyidx/detailTbEconomyIndicatorView.do?bbsId=MOSFBBS_000000000045&searchNttId1=MOSF_000000000018352&menuNo=6010200,3,주가,2,6,8.2,"- 거래대금 (억원, 일평균)","49,419"
2018-08-02,https://mofe.go.kr/st/ecnmyidx/detailTbEconomyIndicatorView.do?bbsId=MOSFBBS_000000000045&searchNttId1=MOSF_000000000018352&menuNo=6010200,3,주가,2,7,전일비,"- 거래대금 (억원, 일평균)",2.26%
2018-08-02,https://mofe.go.kr/st/ecnmyidx/detailTbEconomyIndicatorView.do?bbsId=MOSFBBS_000000000045&searchNttId1=MOSF_000000000018352&menuNo=6010200,3,주가,2,8,‘17 말비(%),"- 거래대금 (억원, 일평균)",-
2018-08-02,https://mofe.go.kr/st/ecnmyidx/detailTbEconomyIndicatorView.do?bbsId=MOSFBBS_000000000045&searchNttId1=MOSF_000000000018352&menuNo=6010200,3,주가,3,0,,,KOSDAQ
2018-08-02,https://mofe.go.kr/st/ecnmyidx/detailTbEconomyIndicatorView.do?bbsId=MOSFBBS_000000000045&searchNttId1=MOSF_000000000018352&menuNo=6010200,3,주가,3,1,‘16 말,KOSDAQ,631.44
2018-08-02,https://mofe.go.kr/st/ecnmyidx/detailTbEconomyIndicatorView.do?bbsId=MOSFBBS_000000000045&searchNttId1=MOSF_000000000018352&menuNo=6010200,3,주가,3,2,‘17 말,KOSDAQ,798.42
2018-08-02,https://mofe.go.kr/st/ecnmyidx/detailTbEconomyIndicatorView.do?bbsId=MOSFBBS_000000000045&searchNttId1=MOSF_000000000018352&menuNo=6010200,3,주가,3,3,‘18.6 말,KOSDAQ,818.22
2018-08-02,https://mofe.go.kr/st/ecnmyidx/detailTbEconomyIndicatorView.do?bbsId=MOSFBBS_000000000045&searchNttId1=MOSF_000000000018352&menuNo=6010200,3,주가,3,4,7.31,KOSDAQ,775.52
2018-08-02,https://mofe.go.kr/st/ecnmyidx/detailTbEconomyIndicatorView.do?bbsId=MOSFBBS_000000000045&searchNttId1=MOSF_000000000018352&menuNo=6010200,3,주가,3,5,8.1,KOSDAQ,790.25
2018-08-02,https://mofe.go.kr/st/ecnmyidx/detailTbEconomyIndicatorView.do?bbsId=MOSFBBS_000000000045&searchNttId1=MOSF_000000000018352&menuNo=6010200,3,주가,3,6,8.2,KOSDAQ,781.38
2018-08-02,https://mofe.go.kr/st/ecnmyidx/detailTbEconomyIndicatorView.do?bbsId=MOSFBBS_000000000045&searchNttId1=MOSF_000000000018352&menuNo=6010200,3,주가,3,7,전일비,KOSDAQ,△1.12%
2018-08-02,https://mofe.go.kr/st/ecnmyidx/detailTbEconomyIndicatorView.do?bbsId=MOSFBBS_000000000045&searchNttId1=MOSF_000000000018352&menuNo=6010200,3,주가,3,8,‘17 말비(%),KOSDAQ,△2.13%
2018-08-02,https://mofe.go.kr/st/ecnmyidx/detailTbEconomyIndicatorView.do?bbsId=MOSFBBS_000000000045&searchNttId1=MOSF_000000000018352&menuNo=6010200,3,주가,4,0,,,"외국인순매수 (억원, 기간 중 * )"
2018-08-02,https://mofe.go.kr/st/ecnmyidx/detailTbEconomyIndicatorView.do?bbsId=MOSFBBS_000000000045&searchNttId1=MOSF_000000000018352&menuNo=6010200,3,주가,4,1,‘16 말,"외국인순매수 (억원, 기간 중 * )","1,380"
2018-08-02,https://mofe.go.kr/st/ecnmyidx/detailTbEconomyIndicatorView.do?bbsId=MOSFBBS_000000000045&searchNttId1=MOSF_000000000018352&menuNo=6010200,3,주가,4,2,‘17 말,"외국인순매수 (억원, 기간 중 * )","1,409"
2018-08-02,https://mofe.go.kr/st/ecnmyidx/detailTbEconomyIndicatorView.do?bbsId=MOSFBBS_000000000045&searchNttId1=MOSF_000000000018352&menuNo=6010200,3,주가,4,3,‘18.6 말,"외국인순매수 (억원, 기간 중 * )","2,300"
2018-08-02,https://mofe.go.kr/st/ecnmyidx/detailTbEconomyIndicatorView.do?bbsId=MOSFBBS_000000000045&searchNttId1=MOSF_000000000018352&menuNo=6010200,3,주가,4,4,7.31,"외국인순매수 (억원, 기간 중 * )","△1,332"
2018-08-02,https://mofe.go.kr/st/ecnmyidx/detailTbEconomyIndicatorView.do?bbsId=MOSFBBS_000000000045&searchNttId1=MOSF_000000000018352&menuNo=6010200,3,주가,4,5,8.1,"외국인순매수 (억원, 기간 중 * )","1,828"
2018-08-02,https://mofe.go.kr/st/ecnmyidx/detailTbEconomyIndicatorView.do?bbsId=MOSFBBS_000000000045&searchNttId1=MOSF_000000000018352&menuNo=6010200,3,주가,4,6,8.2,"외국인순매수 (억원, 기간 중 * )","△1,602"
2018-08-02,https://mofe.go.kr/st/ecnmyidx/detailTbEconomyIndicatorView.do?bbsId=MOSFBBS_000000000045&searchNttId1=MOSF_000000000018352&menuNo=6010200,3,주가,4,7,전일비,"외국인순매수 (억원, 기간 중 * )","△3,430"
2018-08-02,https://mofe.go.kr/st/ecnmyidx/detailTbEconomyIndicatorView.do?bbsId=MOSFBBS_000000000045&searchNttId1=MOSF_000000000018352&menuNo=6010200,3,주가,4,8,‘17 말비(%),"외국인순매수 (억원, 기간 중 * )",-
2018-08-02,https://mofe.go.kr/st/ecnmyidx/detailTbEconomyIndicatorView.do?bbsId=MOSFBBS_000000000045&searchNttId1=MOSF_000000000018352&menuNo=6010200,4,환율,0,0,,,
2018-08-02,https://mofe.go.kr/st/ecnmyidx/detailTbEconomyIndicatorView.do?bbsId=MOSFBBS_000000000045&searchNttId1=MOSF_000000000018352&menuNo=6010200,4,환율,0,1,,,‘16 말
2018-08-02,https://mofe.go.kr/st/ecnmyidx/detailTbEconomyIndicatorView.do?bbsId=MOSFBBS_000000000045&searchNttId1=MOSF_000000000018352&menuNo=6010200,4,환율,0,2,,,‘17 말
2018-08-02,https://mofe.go.kr/st/ecnmyidx/detailTbEconomyIndicatorView.do?bbsId=MOSFBBS_000000000045&searchNttId1=MOSF_000000000018352&menuNo=6010200,4,환율,0,3,,,‘18.6 말
2018-08-02,https://mofe.go.kr/st/ecnmyidx/detailTbEconomyIndicatorView.do?bbsId=MOSFBBS_000000000045&searchNttId1=MOSF_000000000018352&menuNo=6010200,4,환율,0,4,,,7.31
2018-08-02,https://mofe.go.kr/st/ecnmyidx/detailTbEconomyIndicatorView.do?bbsId=MOSFBBS_000000000045&searchNttId1=MOSF_000000000018352&menuNo=6010200,4,환율,0,5,,,8.1
2018-08-02,https://mofe.go.kr/st/ecnmyidx/detailTbEconomyIndicatorView.do?bbsId=MOSFBBS_000000000045&searchNttId1=MOSF_000000000018352&menuNo=6010200,4,환율,0,6,,,8.2
2018-08-02,https://mofe.go.kr/st/ecnmyidx/detailTbEconomyIndicatorView.do?bbsId=MOSFBBS_000000000045&searchNttId1=MOSF_000000000018352&menuNo=6010200,4,환율,0,7,,,전일비
2018-08-02,https://mofe.go.kr/st/ecnmyidx/detailTbEconomyIndicatorView.do?bbsId=MOSFBBS_000000000045&searchNttId1=MOSF_000000000018352&menuNo=6010200,4,환율,0,8,,,‘17 말비(%)
2018-08-02,https://mofe.go.kr/st/ecnmyidx/detailTbEconomyIndicatorView.do?bbsId=MOSFBBS_000000000045&searchNttId1=MOSF_000000000018352&menuNo=6010200,4,환율,1,0,,,￦/ U$
2018-08-02,https://mofe.go.kr/st/ecnmyidx/detailTbEconomyIndicatorView.do?bbsId=MOSFBBS_000000000045&searchNttId1=MOSF_000000000018352&menuNo=6010200,4,환율,1,1,‘16 말,￦/ U$,"1,207.70"
2018-08-02,https://mofe.go.kr/st/ecnmyidx/detailTbEconomyIndicatorView.do?bbsId=MOSFBBS_000000000045&searchNttId1=MOSF_000000000018352&menuNo=6010200,4,환율,1,2,‘17 말,￦/ U$,"1,070.50"
2018-08-02,https://mofe.go.kr/st/ecnmyidx/detailTbEconomyIndicatorView.do?bbsId=MOSFBBS_000000000045&searchNttId1=MOSF_000000000018352&menuNo=6010200,4,환율,1,3,‘18.6 말,￦/ U$,"1,114.50"
2018-08-02,https://mofe.go.kr/st/ecnmyidx/detailTbEconomyIndicatorView.do?bbsId=MOSFBBS_000000000045&searchNttId1=MOSF_000000000018352&menuNo=6010200,4,환율,1,4,7.31,￦/ U$,"1,118.70"
2018-08-02,https://mofe.go.kr/st/ecnmyidx/detailTbEconomyIndicatorView.do?bbsId=MOSFBBS_000000000045&searchNttId1=MOSF_000000000018352&menuNo=6010200,4,환율,1,5,8.1,￦/ U$,"1,120.60"
2018-08-02,https://mofe.go.kr/st/ecnmyidx/detailTbEconomyIndicatorView.do?bbsId=MOSFBBS_000000000045&searchNttId1=MOSF_000000000018352&menuNo=6010200,4,환율,1,6,8.2,￦/ U$,"1,126.10"
2018-08-02,https://mofe.go.kr/st/ecnmyidx/detailTbEconomyIndicatorView.do?bbsId=MOSFBBS_000000000045&searchNttId1=MOSF_000000000018352&menuNo=6010200,4,환율,1,7,전일비,￦/ U$,0.49
2018-08-02,https://mofe.go.kr/st/ecnmyidx/detailTbEconomyIndicatorView.do?bbsId=MOSFBBS_000000000045&searchNttId1=MOSF_000000000018352&menuNo=6010200,4,환율,1,8,‘17 말비(%),￦/ U$,5.19
2018-08-02,https://mofe.go.kr/st/ecnmyidx/detailTbEconomyIndicatorView.do?bbsId=MOSFBBS_000000000045&searchNttId1=MOSF_000000000018352&menuNo=6010200,4,환율,2,0,,,"선물환( NDF,1 월물)"
2018-08-02,https://mofe.go.kr/st/ecnmyidx/detailTbEconomyIndicatorView.do?bbsId=MOSFBBS_000000000045&searchNttId1=MOSF_000000000018352&menuNo=6010200,4,환율,2,1,‘16 말,"선물환( NDF,1 월물)","1,207.70"
2018-08-02,https://mofe.go.kr/st/ecnmyidx/detailTbEconomyIndicatorView.do?bbsId=MOSFBBS_000000000045&searchNttId1=MOSF_000000000018352&menuNo=6010200,4,환율,2,2,‘17 말,"선물환( NDF,1 월물)","1,070.00"
2018-08-02,https://mofe.go.kr/st/ecnmyidx/detailTbEconomyIndicatorView.do?bbsId=MOSFBBS_000000000045&searchNttId1=MOSF_000000000018352&menuNo=6010200,4,환율,2,3,‘18.6 말,"선물환( NDF,1 월물)","1,114.10"
2018-08-02,https://mofe.go.kr/st/ecnmyidx/detailTbEconomyIndicatorView.do?bbsId=MOSFBBS_000000000045&searchNttId1=MOSF_000000000018352&menuNo=6010200,4,환율,2,4,7.31,"선물환( NDF,1 월물)","1,118.10"
2018-08-02,https://mofe.go.kr/st/ecnmyidx/detailTbEconomyIndicatorView.do?bbsId=MOSFBBS_000000000045&searchNttId1=MOSF_000000000018352&menuNo=6010200,4,환율,2,5,8.1,"선물환( NDF,1 월물)","1,121.30"
2018-08-02,https://mofe.go.kr/st/ecnmyidx/detailTbEconomyIndicatorView.do?bbsId=MOSFBBS_000000000045&searchNttId1=MOSF_000000000018352&menuNo=6010200,4,환율,2,6,8.2,"선물환( NDF,1 월물)","1,125.20"
2018-08-02,https://mofe.go.kr/st/ecnmyidx/detailTbEconomyIndicatorView.do?bbsId=MOSFBBS_000000000045&searchNttId1=MOSF_000000000018352&menuNo=6010200,4,환율,2,7,전일비,"선물환( NDF,1 월물)",0.35
2018-08-02,https://mofe.go.kr/st/ecnmyidx/detailTbEconomyIndicatorView.do?bbsId=MOSFBBS_000000000045&searchNttId1=MOSF_000000000018352&menuNo=6010200,4,환율,2,8,‘17 말비(%),"선물환( NDF,1 월물)",5.16
2018-08-02,https://mofe.go.kr/st/ecnmyidx/detailTbEconomyIndicatorView.do?bbsId=MOSFBBS_000000000045&searchNttId1=MOSF_000000000018352&menuNo=6010200,4,환율,3,0,,,￦/ CNY
2018-08-02,https://mofe.go.kr/st/ecnmyidx/detailTbEconomyIndicatorView.do?bbsId=MOSFBBS_000000000045&searchNttId1=MOSF_000000000018352&menuNo=6010200,4,환율,3,1,‘16 말,￦/ CNY,173.68
2018-08-02,https://mofe.go.kr/st/ecnmyidx/detailTbEconomyIndicatorView.do?bbsId=MOSFBBS_000000000045&searchNttId1=MOSF_000000000018352&menuNo=6010200,4,환율,3,2,‘17 말,￦/ CNY,163.90
2018-08-02,https://mofe.go.kr/st/ecnmyidx/detailTbEconomyIndicatorView.do?bbsId=MOSFBBS_000000000045&searchNttId1=MOSF_000000000018352&menuNo=6010200,4,환율,3,3,‘18.6 말,￦/ CNY,168.54
2018-08-02,https://mofe.go.kr/st/ecnmyidx/detailTbEconomyIndicatorView.do?bbsId=MOSFBBS_000000000045&searchNttId1=MOSF_000000000018352&menuNo=6010200,4,환율,3,4,7.31,￦/ CNY,163.80
2018-08-02,https://mofe.go.kr/st/ecnmyidx/detailTbEconomyIndicatorView.do?bbsId=MOSFBBS_000000000045&searchNttId1=MOSF_000000000018352&menuNo=6010200,4,환율,3,5,8.1,￦/ CNY,164.65
2018-08-02,https://mofe.go.kr/st/ecnmyidx/detailTbEconomyIndicatorView.do?bbsId=MOSFBBS_000000000045&searchNttId1=MOSF_000000000018352&menuNo=6010200,4,환율,3,6,8.2,￦/ CNY,165.09
2018-08-02,https://mofe.go.kr/st/ecnmyidx/detailTbEconomyIndicatorView.do?bbsId=MOSFBBS_000000000045&searchNttId1=MOSF_000000000018352&menuNo=6010200,4,환율,3,7,전일비,￦/ CNY,0.27
2018-08-02,https://mofe.go.kr/st/ecnmyidx/detailTbEconomyIndicatorView.do?bbsId=MOSFBBS_000000000045&searchNttId1=MOSF_000000000018352&menuNo=6010200,4,환율,3,8,‘17 말비(%),￦/ CNY,0.73
2018-08-02,https://mofe.go.kr/st/ecnmyidx/detailTbEconomyIndicatorView.do?bbsId=MOSFBBS_000000000045&searchNttId1=MOSF_000000000018352&menuNo=6010200,4,환율,4,0,,,￦/ EUR
2018-08-02,https://mofe.go.kr/st/ecnmyidx/detailTbEconomyIndicatorView.do?bbsId=MOSFBBS_000000000045&searchNttId1=MOSF_000000000018352&menuNo=6010200,4,환율,4,1,‘16 말,￦/ EUR,"1,262.53"
2018-08-02,https://mofe.go.kr/st/ecnmyidx/detailTbEconomyIndicatorView.do?bbsId=MOSFBBS_000000000045&searchNttId1=MOSF_000000000018352&menuNo=6010200,4,환율,4,2,‘17 말,￦/ EUR,"1,276.79"
2018-08-02,https://mofe.go.kr/st/ecnmyidx/detailTbEconomyIndicatorView.do?bbsId=MOSFBBS_000000000045&searchNttId1=MOSF_000000000018352&menuNo=6010200,4,환율,4,3,‘18.6 말,￦/ EUR,"1,296.72"
2018-08-02,https://mofe.go.kr/st/ecnmyidx/detailTbEconomyIndicatorView.do?bbsId=MOSFBBS_000000000045&searchNttId1=MOSF_000000000018352&menuNo=6010200,4,환율,4,4,7.31,￦/ EUR,"1,310.22"
2018-08-02,https://mofe.go.kr/st/ecnmyidx/detailTbEconomyIndicatorView.do?bbsId=MOSFBBS_000000000045&searchNttId1=MOSF_000000000018352&menuNo=6010200,4,환율,4,5,8.1,￦/ EUR,"1,308.30"
2018-08-02,https://mofe.go.kr/st/ecnmyidx/detailTbEconomyIndicatorView.do?bbsId=MOSFBBS_000000000045&searchNttId1=MOSF_000000000018352&menuNo=6010200,4,환율,4,6,8.2,￦/ EUR,"1,311.01"
2018-08-02,https://mofe.go.kr/st/ecnmyidx/detailTbEconomyIndicatorView.do?bbsId=MOSFBBS_000000000045&searchNttId1=MOSF_000000000018352&menuNo=6010200,4,환율,4,7,전일비,￦/ EUR,0.21
2018-08-02,https://mofe.go.kr/st/ecnmyidx/detailTbEconomyIndicatorView.do?bbsId=MOSFBBS_000000000045&searchNttId1=MOSF_000000000018352&menuNo=6010200,4,환율,4,8,‘17 말비(%),￦/ EUR,2.68
2018-08-02,https://mofe.go.kr/st/ecnmyidx/detailTbEconomyIndicatorView.do?bbsId=MOSFBBS_000000000045&searchNttId1=MOSF_000000000018352&menuNo=6010200,4,환율,5,0,,,￦/ Y100
2018-08-02,https://mofe.go.kr/st/ecnmyidx/detailTbEconomyIndicatorView.do?bbsId=MOSFBBS_000000000045&searchNttId1=MOSF_000000000018352&menuNo=6010200,4,환율,5,1,‘16 말,￦/ Y100,"1,035.41"
2018-08-02,https://mofe.go.kr/st/ecnmyidx/detailTbEconomyIndicatorView.do?bbsId=MOSFBBS_000000000045&searchNttId1=MOSF_000000000018352&menuNo=6010200,4,환율,5,2,‘17 말,￦/ Y100,949.28
2018-08-02,https://mofe.go.kr/st/ecnmyidx/detailTbEconomyIndicatorView.do?bbsId=MOSFBBS_000000000045&searchNttId1=MOSF_000000000018352&menuNo=6010200,4,환율,5,3,‘18.6 말,￦/ Y100,"1,007.23"
2018-08-02,https://mofe.go.kr/st/ecnmyidx/detailTbEconomyIndicatorView.do?bbsId=MOSFBBS_000000000045&searchNttId1=MOSF_000000000018352&menuNo=6010200,4,환율,5,4,7.31,￦/ Y100,"1,004.85"
2018-08-02,https://mofe.go.kr/st/ecnmyidx/detailTbEconomyIndicatorView.do?bbsId=MOSFBBS_000000000045&searchNttId1=MOSF_000000000018352&menuNo=6010200,4,환율,5,5,8.1,￦/ Y100,"1,000.09"
2018-08-02,https://mofe.go.kr/st/ecnmyidx/detailTbEconomyIndicatorView.do?bbsId=MOSFBBS_000000000045&searchNttId1=MOSF_000000000018352&menuNo=6010200,4,환율,5,6,8.2,￦/ Y100,"1,008.96"
2018-08-02,https://mofe.go.kr/st/ecnmyidx/detailTbEconomyIndicatorView.do?bbsId=MOSFBBS_000000000045&searchNttId1=MOSF_000000000018352&menuNo=6010200,4,환율,5,7,전일비,￦/ Y100,0.89
2018-08-02,https://mofe.go.kr/st/ecnmyidx/detailTbEconomyIndicatorView.do?bbsId=MOSFBBS_000000000045&searchNttId1=MOSF_000000000018352&menuNo=6010200,4,환율,5,8,‘17 말비(%),￦/ Y100,6.29
2018-08-02,https://mofe.go.kr/st/ecnmyidx/detailTbEconomyIndicatorView.do?bbsId=MOSFBBS_000000000045&searchNttId1=MOSF_000000000018352&menuNo=6010200,4,환율,6,0,,,Y/U$
2018-08-02,https://mofe.go.kr/st/ecnmyidx/detailTbEconomyIndicatorView.do?bbsId=MOSFBBS_000000000045&searchNttId1=MOSF_000000000018352&menuNo=6010200,4,환율,6,1,‘16 말,Y/U$,116.64
2018-08-02,https://mofe.go.kr/st/ecnmyidx/detailTbEconomyIndicatorView.do?bbsId=MOSFBBS_000000000045&searchNttId1=MOSF_000000000018352&menuNo=6010200,4,환율,6,2,‘17 말,Y/U$,112.77
2018-08-02,https://mofe.go.kr/st/ecnmyidx/detailTbEconomyIndicatorView.do?bbsId=MOSFBBS_000000000045&searchNttId1=MOSF_000000000018352&menuNo=6010200,4,환율,6,3,‘18.6 말,Y/U$,110.65
2018-08-02,https://mofe.go.kr/st/ecnmyidx/detailTbEconomyIndicatorView.do?bbsId=MOSFBBS_000000000045&searchNttId1=MOSF_000000000018352&menuNo=6010200,4,환율,6,4,7.31,Y/U$,111.33
2018-08-02,https://mofe.go.kr/st/ecnmyidx/detailTbEconomyIndicatorView.do?bbsId=MOSFBBS_000000000045&searchNttId1=MOSF_000000000018352&menuNo=6010200,4,환율,6,5,8.1,Y/U$,112.05
2018-08-02,https://mofe.go.kr/st/ecnmyidx/detailTbEconomyIndicatorView.do?bbsId=MOSFBBS_000000000045&searchNttId1=MOSF_000000000018352&menuNo=6010200,4,환율,6,6,8.2,Y/U$,111.61
2018-08-02,https://mofe.go.kr/st/ecnmyidx/detailTbEconomyIndicatorView.do?bbsId=MOSFBBS_000000000045&searchNttId1=MOSF_000000000018352&menuNo=6010200,4,환율,6,7,전일비,Y/U$,△0.39
2018-08-02,https://mofe.go.kr/st/ecnmyidx/detailTbEconomyIndicatorView.do?bbsId=MOSFBBS_000000000045&searchNttId1=MOSF_000000000018352&menuNo=6010200,4,환율,6,8,‘17 말비(%),Y/U$,△1.03
2018-08-02,https://mofe.go.kr/st/ecnmyidx/detailTbEconomyIndicatorView.do?bbsId=MOSFBBS_000000000045&searchNttId1=MOSF_000000000018352&menuNo=6010200,4,환율,7,0,,,U$/EUR
2018-08-02,https://mofe.go.kr/st/ecnmyidx/detailTbEconomyIndicatorView.do?bbsId=MOSFBBS_000000000045&searchNttId1=MOSF_000000000018352&menuNo=6010200,4,환율,7,1,‘16 말,U$/EUR,1.0454
2018-08-02,https://mofe.go.kr/st/ecnmyidx/detailTbEconomyIndicatorView.do?bbsId=MOSFBBS_000000000045&searchNttId1=MOSF_000000000018352&menuNo=6010200,4,환율,7,2,‘17 말,U$/EUR,1.1927
2018-08-02,https://mofe.go.kr/st/ecnmyidx/detailTbEconomyIndicatorView.do?bbsId=MOSFBBS_000000000045&searchNttId1=MOSF_000000000018352&menuNo=6010200,4,환율,7,3,‘18.6 말,U$/EUR,1.1635
2018-08-02,https://mofe.go.kr/st/ecnmyidx/detailTbEconomyIndicatorView.do?bbsId=MOSFBBS_000000000045&searchNttId1=MOSF_000000000018352&menuNo=6010200,4,환율,7,4,7.31,U$/EUR,1.1712
2018-08-02,https://mofe.go.kr/st/ecnmyidx/detailTbEconomyIndicatorView.do?bbsId=MOSFBBS_000000000045&searchNttId1=MOSF_000000000018352&menuNo=6010200,4,환율,7,5,8.1,U$/EUR,1.1675
2018-08-02,https://mofe.go.kr/st/ecnmyidx/detailTbEconomyIndicatorView.do?bbsId=MOSFBBS_000000000045&searchNttId1=MOSF_000000000018352&menuNo=6010200,4,환율,7,6,8.2,U$/EUR,1.1642
2018-08-02,https://mofe.go.kr/st/ecnmyidx/detailTbEconomyIndicatorView.do?bbsId=MOSFBBS_000000000045&searchNttId1=MOSF_000000000018352&menuNo=6010200,4,환율,7,7,전일비,U$/EUR,△0.28
2018-08-02,https://mofe.go.kr/st/ecnmyidx/detailTbEconomyIndicatorView.do?bbsId=MOSFBBS_000000000045&searchNttId1=MOSF_000000000018352&menuNo=6010200,4,환율,7,8,‘17 말비(%),U$/EUR,△2.39
2018-08-02,https://mofe.go.kr/st/ecnmyidx/detailTbEconomyIndicatorView.do?bbsId=MOSFBBS_000000000045&searchNttId1=MOSF_000000000018352&menuNo=6010200,4,환율,8,0,,,CNY/U$
2018-08-02,https://mofe.go.kr/st/ecnmyidx/detailTbEconomyIndicatorView.do?bbsId=MOSFBBS_000000000045&searchNttId1=MOSF_000000000018352&menuNo=6010200,4,환율,8,1,‘16 말,CNY/U$,6.9550
2018-08-02,https://mofe.go.kr/st/ecnmyidx/detailTbEconomyIndicatorView.do?bbsId=MOSFBBS_000000000045&searchNttId1=MOSF_000000000018352&menuNo=6010200,4,환율,8,2,‘17 말,CNY/U$,6.5426
2018-08-02,https://mofe.go.kr/st/ecnmyidx/detailTbEconomyIndicatorView.do?bbsId=MOSFBBS_000000000045&searchNttId1=MOSF_000000000018352&menuNo=6010200,4,환율,8,3,‘18.6 말,CNY/U$,6.6108
2018-08-02,https://mofe.go.kr/st/ecnmyidx/detailTbEconomyIndicatorView.do?bbsId=MOSFBBS_000000000045&searchNttId1=MOSF_000000000018352&menuNo=6010200,4,환율,8,4,7.31,CNY/U$,6.8260
2018-08-02,https://mofe.go.kr/st/ecnmyidx/detailTbEconomyIndicatorView.do?bbsId=MOSFBBS_000000000045&searchNttId1=MOSF_000000000018352&menuNo=6010200,4,환율,8,5,8.1,CNY/U$,6.8225
2018-08-02,https://mofe.go.kr/st/ecnmyidx/detailTbEconomyIndicatorView.do?bbsId=MOSFBBS_000000000045&searchNttId1=MOSF_000000000018352&menuNo=6010200,4,환율,8,6,8.2,CNY/U$,6.8135
2018-08-02,https://mofe.go.kr/st/ecnmyidx/detailTbEconomyIndicatorView.do?bbsId=MOSFBBS_000000000045&searchNttId1=MOSF_000000000018352&menuNo=6010200,4,환율,8,7,전일비,CNY/U$,△0.13
2018-08-02,https://mofe.go.kr/st/ecnmyidx/detailTbEconomyIndicatorView.do?bbsId=MOSFBBS_000000000045&searchNttId1=MOSF_000000000018352&menuNo=6010200,4,환율,8,8,‘17 말비(%),CNY/U$,4.14
2018-08-02,https://mofe.go.kr/st/ecnmyidx/detailTbEconomyIndicatorView.do?bbsId=MOSFBBS_000000000045&searchNttId1=MOSF_000000000018352&menuNo=6010200,5,국제금리 ․ 주가 ․ 가산금리,0,0,,,
2018-08-02,https://mofe.go.kr/st/ecnmyidx/detailTbEconomyIndicatorView.do?bbsId=MOSFBBS_000000000045&searchNttId1=MOSF_000000000018352&menuNo=6010200,5,국제금리 ․ 주가 ․ 가산금리,0,1,,,‘16 말
2018-08-02,https://mofe.go.kr/st/ecnmyidx/detailTbEconomyIndicatorView.do?bbsId=MOSFBBS_000000000045&searchNttId1=MOSF_000000000018352&menuNo=6010200,5,국제금리 ․ 주가 ․ 가산금리,0,2,,,‘17 말
2018-08-02,https://mofe.go.kr/st/ecnmyidx/detailTbEconomyIndicatorView.do?bbsId=MOSFBBS_000000000045&searchNttId1=MOSF_000000000018352&menuNo=6010200,5,국제금리 ․ 주가 ․ 가산금리,0,3,,,‘18.6 말
2018-08-02,https://mofe.go.kr/st/ecnmyidx/detailTbEconomyIndicatorView.do?bbsId=MOSFBBS_000000000045&searchNttId1=MOSF_000000000018352&menuNo=6010200,5,국제금리 ․ 주가 ․ 가산금리,0,4,,,7.31
2018-08-02,https://mofe.go.kr/st/ecnmyidx/detailTbEconomyIndicatorView.do?bbsId=MOSFBBS_000000000045&searchNttId1=MOSF_000000000018352&menuNo=6010200,5,국제금리 ․ 주가 ․ 가산금리,0,5,,,8.1
2018-08-02,https://mofe.go.kr/st/ecnmyidx/detailTbEconomyIndicatorView.do?bbsId=MOSFBBS_000000000045&searchNttId1=MOSF_000000000018352&menuNo=6010200,5,국제금리 ․ 주가 ․ 가산금리,0,6,,,8.2
2018-08-02,https://mofe.go.kr/st/ecnmyidx/detailTbEconomyIndicatorView.do?bbsId=MOSFBBS_000000000045&searchNttId1=MOSF_000000000018352&menuNo=6010200,5,국제금리 ․ 주가 ․ 가산금리,0,7,,,전일비
2018-08-02,https://mofe.go.kr/st/ecnmyidx/detailTbEconomyIndicatorView.do?bbsId=MOSFBBS_000000000045&searchNttId1=MOSF_000000000018352&menuNo=6010200,5,국제금리 ․ 주가 ․ 가산금리,0,8,,,‘17 말비
2018-08-02,https://mofe.go.kr/st/ecnmyidx/detailTbEconomyIndicatorView.do?bbsId=MOSFBBS_000000000045&searchNttId1=MOSF_000000000018352&menuNo=6010200,5,국제금리 ․ 주가 ․ 가산금리,1,0,,,"LIBOR (Dollar, 3 월, %)"
2018-08-02,https://mofe.go.kr/st/ecnmyidx/detailTbEconomyIndicatorView.do?bbsId=MOSFBBS_000000000045&searchNttId1=MOSF_000000000018352&menuNo=6010200,5,국제금리 ․ 주가 ․ 가산금리,1,1,‘16 말,"LIBOR (Dollar, 3 월, %)",1.00
2018-08-02,https://mofe.go.kr/st/ecnmyidx/detailTbEconomyIndicatorView.do?bbsId=MOSFBBS_000000000045&searchNttId1=MOSF_000000000018352&menuNo=6010200,5,국제금리 ․ 주가 ․ 가산금리,1,2,‘17 말,"LIBOR (Dollar, 3 월, %)",1.69
2018-08-02,https://mofe.go.kr/st/ecnmyidx/detailTbEconomyIndicatorView.do?bbsId=MOSFBBS_000000000045&searchNttId1=MOSF_000000000018352&menuNo=6010200,5,국제금리 ․ 주가 ․ 가산금리,1,3,‘18.6 말,"LIBOR (Dollar, 3 월, %)",2.34
2018-08-02,https://mofe.go.kr/st/ecnmyidx/detailTbEconomyIndicatorView.do?bbsId=MOSFBBS_000000000045&searchNttId1=MOSF_000000000018352&menuNo=6010200,5,국제금리 ․ 주가 ․ 가산금리,1,4,7.31,"LIBOR (Dollar, 3 월, %)",2.34
2018-08-02,https://mofe.go.kr/st/ecnmyidx/detailTbEconomyIndicatorView.do?bbsId=MOSFBBS_000000000045&searchNttId1=MOSF_000000000018352&menuNo=6010200,5,국제금리 ․ 주가 ․ 가산금리,1,5,8.1,"LIBOR (Dollar, 3 월, %)",2.35
2018-08-02,https://mofe.go.kr/st/ecnmyidx/detailTbEconomyIndicatorView.do?bbsId=MOSFBBS_000000000045&searchNttId1=MOSF_000000000018352&menuNo=6010200,5,국제금리 ․ 주가 ․ 가산금리,1,6,8.2,"LIBOR (Dollar, 3 월, %)",-
2018-08-02,https://mofe.go.kr/st/ecnmyidx/detailTbEconomyIndicatorView.do?bbsId=MOSFBBS_000000000045&searchNttId1=MOSF_000000000018352&menuNo=6010200,5,국제금리 ․ 주가 ․ 가산금리,1,7,전일비,"LIBOR (Dollar, 3 월, %)",0.01
2018-08-02,https://mofe.go.kr/st/ecnmyidx/detailTbEconomyIndicatorView.do?bbsId=MOSFBBS_000000000045&searchNttId1=MOSF_000000000018352&menuNo=6010200,5,국제금리 ․ 주가 ․ 가산금리,1,8,‘17 말비,"LIBOR (Dollar, 3 월, %)",0.65
2018-08-02,https://mofe.go.kr/st/ecnmyidx/detailTbEconomyIndicatorView.do?bbsId=MOSFBBS_000000000045&searchNttId1=MOSF_000000000018352&menuNo=6010200,5,국제금리 ․ 주가 ․ 가산금리,2,0,,,DOW
2018-08-02,https://mofe.go.kr/st/ecnmyidx/detailTbEconomyIndicatorView.do?bbsId=MOSFBBS_000000000045&searchNttId1=MOSF_000000000018352&menuNo=6010200,5,국제금리 ․ 주가 ․ 가산금리,2,1,‘16 말,DOW,"19,763"
2018-08-02,https://mofe.go.kr/st/ecnmyidx/detailTbEconomyIndicatorView.do?bbsId=MOSFBBS_000000000045&searchNttId1=MOSF_000000000018352&menuNo=6010200,5,국제금리 ․ 주가 ․ 가산금리,2,2,‘17 말,DOW,"24,719"
2018-08-02,https://mofe.go.kr/st/ecnmyidx/detailTbEconomyIndicatorView.do?bbsId=MOSFBBS_000000000045&searchNttId1=MOSF_000000000018352&menuNo=6010200,5,국제금리 ․ 주가 ․ 가산금리,2,3,‘18.6 말,DOW,"24,271"
2018-08-02,https://mofe.go.kr/st/ecnmyidx/detailTbEconomyIndicatorView.do?bbsId=MOSFBBS_000000000045&searchNttId1=MOSF_000000000018352&menuNo=6010200,5,국제금리 ․ 주가 ․ 가산금리,2,4,7.31,DOW,"25,415"
2018-08-02,https://mofe.go.kr/st/ecnmyidx/detailTbEconomyIndicatorView.do?bbsId=MOSFBBS_000000000045&searchNttId1=MOSF_000000000018352&menuNo=6010200,5,국제금리 ․ 주가 ․ 가산금리,2,5,8.1,DOW,"25,334"
2018-08-02,https://mofe.go.kr/st/ecnmyidx/detailTbEconomyIndicatorView.do?bbsId=MOSFBBS_000000000045&searchNttId1=MOSF_000000000018352&menuNo=6010200,5,국제금리 ․ 주가 ․ 가산금리,2,6,8.2,DOW,-
2018-08-02,https://mofe.go.kr/st/ecnmyidx/detailTbEconomyIndicatorView.do?bbsId=MOSFBBS_000000000045&searchNttId1=MOSF_000000000018352&menuNo=6010200,5,국제금리 ․ 주가 ․ 가산금리,2,7,전일비,DOW,△0.32%
2018-08-02,https://mofe.go.kr/st/ecnmyidx/detailTbEconomyIndicatorView.do?bbsId=MOSFBBS_000000000045&searchNttId1=MOSF_000000000018352&menuNo=6010200,5,국제금리 ․ 주가 ․ 가산금리,2,8,‘17 말비,DOW,2.49%
2018-08-02,https://mofe.go.kr/st/ecnmyidx/detailTbEconomyIndicatorView.do?bbsId=MOSFBBS_000000000045&searchNttId1=MOSF_000000000018352&menuNo=6010200,5,국제금리 ․ 주가 ․ 가산금리,3,0,,,NIKKEI
2018-08-02,https://mofe.go.kr/st/ecnmyidx/detailTbEconomyIndicatorView.do?bbsId=MOSFBBS_000000000045&searchNttId1=MOSF_000000000018352&menuNo=6010200,5,국제금리 ․ 주가 ․ 가산금리,3,1,‘16 말,NIKKEI,"19,114"
2018-08-02,https://mofe.go.kr/st/ecnmyidx/detailTbEconomyIndicatorView.do?bbsId=MOSFBBS_000000000045&searchNttId1=MOSF_000000000018352&menuNo=6010200,5,국제금리 ․ 주가 ․ 가산금리,3,2,‘17 말,NIKKEI,"22,765"
2018-08-02,https://mofe.go.kr/st/ecnmyidx/detailTbEconomyIndicatorView.do?bbsId=MOSFBBS_000000000045&searchNttId1=MOSF_000000000018352&menuNo=6010200,5,국제금리 ․ 주가 ․ 가산금리,3,3,‘18.6 말,NIKKEI,"22,305"
2018-08-02,https://mofe.go.kr/st/ecnmyidx/detailTbEconomyIndicatorView.do?bbsId=MOSFBBS_000000000045&searchNttId1=MOSF_000000000018352&menuNo=6010200,5,국제금리 ․ 주가 ․ 가산금리,3,4,7.31,NIKKEI,"22,554"
2018-08-02,https://mofe.go.kr/st/ecnmyidx/detailTbEconomyIndicatorView.do?bbsId=MOSFBBS_000000000045&searchNttId1=MOSF_000000000018352&menuNo=6010200,5,국제금리 ․ 주가 ․ 가산금리,3,5,8.1,NIKKEI,"22,747"
2018-08-02,https://mofe.go.kr/st/ecnmyidx/detailTbEconomyIndicatorView.do?bbsId=MOSFBBS_000000000045&searchNttId1=MOSF_000000000018352&menuNo=6010200,5,국제금리 ․ 주가 ․ 가산금리,3,6,8.2,NIKKEI,"22,513"
2018-08-02,https://mofe.go.kr/st/ecnmyidx/detailTbEconomyIndicatorView.do?bbsId=MOSFBBS_000000000045&searchNttId1=MOSF_000000000018352&menuNo=6010200,5,국제금리 ․ 주가 ․ 가산금리,3,7,전일비,NIKKEI,△1.03%
2018-08-02,https://mofe.go.kr/st/ecnmyidx/detailTbEconomyIndicatorView.do?bbsId=MOSFBBS_000000000045&searchNttId1=MOSF_000000000018352&menuNo=6010200,5,국제금리 ․ 주가 ․ 가산금리,3,8,‘17 말비,NIKKEI,△1.11%
2018-08-02,https://mofe.go.kr/st/ecnmyidx/detailTbEconomyIndicatorView.do?bbsId=MOSFBBS_000000000045&searchNttId1=MOSF_000000000018352&menuNo=6010200,5,국제금리 ․ 주가 ․ 가산금리,4,0,,,SHANGHAI COMP
2018-08-02,https://mofe.go.kr/st/ecnmyidx/detailTbEconomyIndicatorView.do?bbsId=MOSFBBS_000000000045&searchNttId1=MOSF_000000000018352&menuNo=6010200,5,국제금리 ․ 주가 ․ 가산금리,4,1,‘16 말,SHANGHAI COMP,"3,098"
2018-08-02,https://mofe.go.kr/st/ecnmyidx/detailTbEconomyIndicatorView.do?bbsId=MOSFBBS_000000000045&searchNttId1=MOSF_000000000018352&menuNo=6010200,5,국제금리 ․ 주가 ․ 가산금리,4,2,‘17 말,SHANGHAI COMP,"3,307"
2018-08-02,https://mofe.go.kr/st/ecnmyidx/detailTbEconomyIndicatorView.do?bbsId=MOSFBBS_000000000045&searchNttId1=MOSF_000000000018352&menuNo=6010200,5,국제금리 ․ 주가 ․ 가산금리,4,3,‘18.6 말,SHANGHAI COMP,"2,847"
2018-08-02,https://mofe.go.kr/st/ecnmyidx/detailTbEconomyIndicatorView.do?bbsId=MOSFBBS_000000000045&searchNttId1=MOSF_000000000018352&menuNo=6010200,5,국제금리 ․ 주가 ․ 가산금리,4,4,7.31,SHANGHAI COMP,"2,876"
2018-08-02,https://mofe.go.kr/st/ecnmyidx/detailTbEconomyIndicatorView.do?bbsId=MOSFBBS_000000000045&searchNttId1=MOSF_000000000018352&menuNo=6010200,5,국제금리 ․ 주가 ․ 가산금리,4,5,8.1,SHANGHAI COMP,"2,825"
2018-08-02,https://mofe.go.kr/st/ecnmyidx/detailTbEconomyIndicatorView.do?bbsId=MOSFBBS_000000000045&searchNttId1=MOSF_000000000018352&menuNo=6010200,5,국제금리 ․ 주가 ․ 가산금리,4,6,8.2,SHANGHAI COMP,"2,768"
2018-08-02,https://mofe.go.kr/st/ecnmyidx/detailTbEconomyIndicatorView.do?bbsId=MOSFBBS_000000000045&searchNttId1=MOSF_000000000018352&menuNo=6010200,5,국제금리 ․ 주가 ․ 가산금리,4,7,전일비,SHANGHAI COMP,△2.00%
2018-08-02,https://mofe.go.kr/st/ecnmyidx/detailTbEconomyIndicatorView.do?bbsId=MOSFBBS_000000000045&searchNttId1=MOSF_000000000018352&menuNo=6010200,5,국제금리 ․ 주가 ․ 가산금리,4,8,‘17 말비,SHANGHAI COMP,△16.30%
2018-08-02,https://mofe.go.kr/st/ecnmyidx/detailTbEconomyIndicatorView.do?bbsId=MOSFBBS_000000000045&searchNttId1=MOSF_000000000018352&menuNo=6010200,5,국제금리 ․ 주가 ․ 가산금리,5,0,,,"외평채가산금리(23년물, bp)"
2018-08-02,https://mofe.go.kr/st/ecnmyidx/detailTbEconomyIndicatorView.do?bbsId=MOSFBBS_000000000045&searchNttId1=MOSF_000000000018352&menuNo=6010200,5,국제금리 ․ 주가 ․ 가산금리,5,1,‘16 말,"외평채가산금리(23년물, bp)",25
2018-08-02,https://mofe.go.kr/st/ecnmyidx/detailTbEconomyIndicatorView.do?bbsId=MOSFBBS_000000000045&searchNttId1=MOSF_000000000018352&menuNo=6010200,5,국제금리 ․ 주가 ․ 가산금리,5,2,‘17 말,"외평채가산금리(23년물, bp)",76
2018-08-02,https://mofe.go.kr/st/ecnmyidx/detailTbEconomyIndicatorView.do?bbsId=MOSFBBS_000000000045&searchNttId1=MOSF_000000000018352&menuNo=6010200,5,국제금리 ․ 주가 ․ 가산금리,5,3,‘18.6 말,"외평채가산금리(23년물, bp)",63
2018-08-02,https://mofe.go.kr/st/ecnmyidx/detailTbEconomyIndicatorView.do?bbsId=MOSFBBS_000000000045&searchNttId1=MOSF_000000000018352&menuNo=6010200,5,국제금리 ․ 주가 ․ 가산금리,5,4,7.31,"외평채가산금리(23년물, bp)",66
2018-08-02,https://mofe.go.kr/st/ecnmyidx/detailTbEconomyIndicatorView.do?bbsId=MOSFBBS_000000000045&searchNttId1=MOSF_000000000018352&menuNo=6010200,5,국제금리 ․ 주가 ․ 가산금리,5,5,8.1,"외평채가산금리(23년물, bp)",66
2018-08-02,https://mofe.go.kr/st/ecnmyidx/detailTbEconomyIndicatorView.do?bbsId=MOSFBBS_000000000045&searchNttId1=MOSF_000000000018352&menuNo=6010200,5,국제금리 ․ 주가 ․ 가산금리,5,6,8.2,"외평채가산금리(23년물, bp)",-
2018-08-02,https://mofe.go.kr/st/ecnmyidx/detailTbEconomyIndicatorView.do?bbsId=MOSFBBS_000000000045&searchNttId1=MOSF_000000000018352&menuNo=6010200,5,국제금리 ․ 주가 ․ 가산금리,5,7,전일비,"외평채가산금리(23년물, bp)",0
2018-08-02,https://mofe.go.kr/st/ecnmyidx/detailTbEconomyIndicatorView.do?bbsId=MOSFBBS_000000000045&searchNttId1=MOSF_000000000018352&menuNo=6010200,5,국제금리 ․ 주가 ․ 가산금리,5,8,‘17 말비,"외평채가산금리(23년물, bp)",△10.00
2018-08-02,https://mofe.go.kr/st/ecnmyidx/detailTbEconomyIndicatorView.do?bbsId=MOSFBBS_000000000045&searchNttId1=MOSF_000000000018352&menuNo=6010200,5,국제금리 ․ 주가 ․ 가산금리,6,0,,,"CDS (5 년, bp)"
2018-08-02,https://mofe.go.kr/st/ecnmyidx/detailTbEconomyIndicatorView.do?bbsId=MOSFBBS_000000000045&searchNttId1=MOSF_000000000018352&menuNo=6010200,5,국제금리 ․ 주가 ․ 가산금리,6,1,‘16 말,"CDS (5 년, bp)",44
2018-08-02,https://mofe.go.kr/st/ecnmyidx/detailTbEconomyIndicatorView.do?bbsId=MOSFBBS_000000000045&searchNttId1=MOSF_000000000018352&menuNo=6010200,5,국제금리 ․ 주가 ․ 가산금리,6,2,‘17 말,"CDS (5 년, bp)",56
2018-08-02,https://mofe.go.kr/st/ecnmyidx/detailTbEconomyIndicatorView.do?bbsId=MOSFBBS_000000000045&searchNttId1=MOSF_000000000018352&menuNo=6010200,5,국제금리 ․ 주가 ․ 가산금리,6,3,‘18.6 말,"CDS (5 년, bp)",53
2018-08-02,https://mofe.go.kr/st/ecnmyidx/detailTbEconomyIndicatorView.do?bbsId=MOSFBBS_000000000045&searchNttId1=MOSF_000000000018352&menuNo=6010200,5,국제금리 ․ 주가 ․ 가산금리,6,4,7.31,"CDS (5 년, bp)",42
2018-08-02,https://mofe.go.kr/st/ecnmyidx/detailTbEconomyIndicatorView.do?bbsId=MOSFBBS_000000000045&searchNttId1=MOSF_000000000018352&menuNo=6010200,5,국제금리 ․ 주가 ․ 가산금리,6,5,8.1,"CDS (5 년, bp)",42
2018-08-02,https://mofe.go.kr/st/ecnmyidx/detailTbEconomyIndicatorView.do?bbsId=MOSFBBS_000000000045&searchNttId1=MOSF_000000000018352&menuNo=6010200,5,국제금리 ․ 주가 ․ 가산금리,6,6,8.2,"CDS (5 년, bp)",46
2018-08-02,https://mofe.go.kr/st/ecnmyidx/detailTbEconomyIndicatorView.do?bbsId=MOSFBBS_000000000045&searchNttId1=MOSF_000000000018352&menuNo=6010200,5,국제금리 ․ 주가 ․ 가산금리,6,7,전일비,"CDS (5 년, bp)",5
2018-08-02,https://mofe.go.kr/st/ecnmyidx/detailTbEconomyIndicatorView.do?bbsId=MOSFBBS_000000000045&searchNttId1=MOSF_000000000018352&menuNo=6010200,5,국제금리 ․ 주가 ․ 가산금리,6,8,‘17 말비,"CDS (5 년, bp)",△9.71
2018-08-02,https://mofe.go.kr/st/ecnmyidx/detailTbEconomyIndicatorView.do?bbsId=MOSFBBS_000000000045&searchNttId1=MOSF_000000000018352&menuNo=6010200,5,국제금리 ․ 주가 ․ 가산금리,7,0,,,"CRS (1 년, %)"
2018-08-02,https://mofe.go.kr/st/ecnmyidx/detailTbEconomyIndicatorView.do?bbsId=MOSFBBS_000000000045&searchNttId1=MOSF_000000000018352&menuNo=6010200,5,국제금리 ․ 주가 ․ 가산금리,7,1,‘16 말,"CRS (1 년, %)",1.00
2018-08-02,https://mofe.go.kr/st/ecnmyidx/detailTbEconomyIndicatorView.do?bbsId=MOSFBBS_000000000045&searchNttId1=MOSF_000000000018352&menuNo=6010200,5,국제금리 ․ 주가 ․ 가산금리,7,2,‘17 말,"CRS (1 년, %)",1.38
2018-08-02,https://mofe.go.kr/st/ecnmyidx/detailTbEconomyIndicatorView.do?bbsId=MOSFBBS_000000000045&searchNttId1=MOSF_000000000018352&menuNo=6010200,5,국제금리 ․ 주가 ․ 가산금리,7,3,‘18.6 말,"CRS (1 년, %)",1.14
2018-08-02,https://mofe.go.kr/st/ecnmyidx/detailTbEconomyIndicatorView.do?bbsId=MOSFBBS_000000000045&searchNttId1=MOSF_000000000018352&menuNo=6010200,5,국제금리 ․ 주가 ․ 가산금리,7,4,7.31,"CRS (1 년, %)",1.31
2018-08-02,https://mofe.go.kr/st/ecnmyidx/detailTbEconomyIndicatorView.do?bbsId=MOSFBBS_000000000045&searchNttId1=MOSF_000000000018352&menuNo=6010200,5,국제금리 ․ 주가 ․ 가산금리,7,5,8.1,"CRS (1 년, %)",1.35
2018-08-02,https://mofe.go.kr/st/ecnmyidx/detailTbEconomyIndicatorView.do?bbsId=MOSFBBS_000000000045&searchNttId1=MOSF_000000000018352&menuNo=6010200,5,국제금리 ․ 주가 ․ 가산금리,7,6,8.2,"CRS (1 년, %)",1.31
2018-08-02,https://mofe.go.kr/st/ecnmyidx/detailTbEconomyIndicatorView.do?bbsId=MOSFBBS_000000000045&searchNttId1=MOSF_000000000018352&menuNo=6010200,5,국제금리 ․ 주가 ․ 가산금리,7,7,전일비,"CRS (1 년, %)",△0.03
2018-08-02,https://mofe.go.kr/st/ecnmyidx/detailTbEconomyIndicatorView.do?bbsId=MOSFBBS_000000000045&searchNttId1=MOSF_000000000018352&menuNo=6010200,5,국제금리 ․ 주가 ․ 가산금리,7,8,‘17 말비,"CRS (1 년, %)",△0.06
2018-08-02,https://mofe.go.kr/st/ecnmyidx/detailTbEconomyIndicatorView.do?bbsId=MOSFBBS_000000000045&searchNttId1=MOSF_000000000018352&menuNo=6010200,6,유가 ․ 곡물 ․ 원자재,0,0,,,
2018-08-02,https://mofe.go.kr/st/ecnmyidx/detailTbEconomyIndicatorView.do?bbsId=MOSFBBS_000000000045&searchNttId1=MOSF_000000000018352&menuNo=6010200,6,유가 ․ 곡물 ․ 원자재,0,1,,,‘16 말
2018-08-02,https://mofe.go.kr/st/ecnmyidx/detailTbEconomyIndicatorView.do?bbsId=MOSFBBS_000000000045&searchNttId1=MOSF_000000000018352&menuNo=6010200,6,유가 ․ 곡물 ․ 원자재,0,2,,,‘17 말
2018-08-02,https://mofe.go.kr/st/ecnmyidx/detailTbEconomyIndicatorView.do?bbsId=MOSFBBS_000000000045&searchNttId1=MOSF_000000000018352&menuNo=6010200,6,유가 ․ 곡물 ․ 원자재,0,3,,,‘18.6 말
2018-08-02,https://mofe.go.kr/st/ecnmyidx/detailTbEconomyIndicatorView.do?bbsId=MOSFBBS_000000000045&searchNttId1=MOSF_000000000018352&menuNo=6010200,6,유가 ․ 곡물 ․ 원자재,0,4,,,7.30
2018-08-02,https://mofe.go.kr/st/ecnmyidx/detailTbEconomyIndicatorView.do?bbsId=MOSFBBS_000000000045&searchNttId1=MOSF_000000000018352&menuNo=6010200,6,유가 ․ 곡물 ․ 원자재,0,5,,,7.31
2018-08-02,https://mofe.go.kr/st/ecnmyidx/detailTbEconomyIndicatorView.do?bbsId=MOSFBBS_000000000045&searchNttId1=MOSF_000000000018352&menuNo=6010200,6,유가 ․ 곡물 ․ 원자재,0,6,,,8.1
2018-08-02,https://mofe.go.kr/st/ecnmyidx/detailTbEconomyIndicatorView.do?bbsId=MOSFBBS_000000000045&searchNttId1=MOSF_000000000018352&menuNo=6010200,6,유가 ․ 곡물 ․ 원자재,0,7,,,전일비
2018-08-02,https://mofe.go.kr/st/ecnmyidx/detailTbEconomyIndicatorView.do?bbsId=MOSFBBS_000000000045&searchNttId1=MOSF_000000000018352&menuNo=6010200,6,유가 ․ 곡물 ․ 원자재,0,8,,,‘17 말비
2018-08-02,https://mofe.go.kr/st/ecnmyidx/detailTbEconomyIndicatorView.do?bbsId=MOSFBBS_000000000045&searchNttId1=MOSF_000000000018352&menuNo=6010200,6,유가 ․ 곡물 ․ 원자재,1,0,,,Dubai ($/ 배럴)
2018-08-02,https://mofe.go.kr/st/ecnmyidx/detailTbEconomyIndicatorView.do?bbsId=MOSFBBS_000000000045&searchNttId1=MOSF_000000000018352&menuNo=6010200,6,유가 ․ 곡물 ․ 원자재,1,1,‘16 말,Dubai ($/ 배럴),53.83
2018-08-02,https://mofe.go.kr/st/ecnmyidx/detailTbEconomyIndicatorView.do?bbsId=MOSFBBS_000000000045&searchNttId1=MOSF_000000000018352&menuNo=6010200,6,유가 ․ 곡물 ․ 원자재,1,2,‘17 말,Dubai ($/ 배럴),64.33
2018-08-02,https://mofe.go.kr/st/ecnmyidx/detailTbEconomyIndicatorView.do?bbsId=MOSFBBS_000000000045&searchNttId1=MOSF_000000000018352&menuNo=6010200,6,유가 ․ 곡물 ․ 원자재,1,3,‘18.6 말,Dubai ($/ 배럴),75.86
2018-08-02,https://mofe.go.kr/st/ecnmyidx/detailTbEconomyIndicatorView.do?bbsId=MOSFBBS_000000000045&searchNttId1=MOSF_000000000018352&menuNo=6010200,6,유가 ․ 곡물 ․ 원자재,1,4,7.30,Dubai ($/ 배럴),73.38
2018-08-02,https://mofe.go.kr/st/ecnmyidx/detailTbEconomyIndicatorView.do?bbsId=MOSFBBS_000000000045&searchNttId1=MOSF_000000000018352&menuNo=6010200,6,유가 ․ 곡물 ․ 원자재,1,5,7.31,Dubai ($/ 배럴),73.69
2018-08-02,https://mofe.go.kr/st/ecnmyidx/detailTbEconomyIndicatorView.do?bbsId=MOSFBBS_000000000045&searchNttId1=MOSF_000000000018352&menuNo=6010200,6,유가 ․ 곡물 ․ 원자재,1,6,8.1,Dubai ($/ 배럴),72.42
2018-08-02,https://mofe.go.kr/st/ecnmyidx/detailTbEconomyIndicatorView.do?bbsId=MOSFBBS_000000000045&searchNttId1=MOSF_000000000018352&menuNo=6010200,6,유가 ․ 곡물 ․ 원자재,1,7,전일비,Dubai ($/ 배럴),△1.72%
2018-08-02,https://mofe.go.kr/st/ecnmyidx/detailTbEconomyIndicatorView.do?bbsId=MOSFBBS_000000000045&searchNttId1=MOSF_000000000018352&menuNo=6010200,6,유가 ․ 곡물 ․ 원자재,1,8,‘17 말비,Dubai ($/ 배럴),12.58%
2018-08-02,https://mofe.go.kr/st/ecnmyidx/detailTbEconomyIndicatorView.do?bbsId=MOSFBBS_000000000045&searchNttId1=MOSF_000000000018352&menuNo=6010200,6,유가 ․ 곡물 ․ 원자재,2,0,,,WTI 선물 ($/배럴)
2018-08-02,https://mofe.go.kr/st/ecnmyidx/detailTbEconomyIndicatorView.do?bbsId=MOSFBBS_000000000045&searchNttId1=MOSF_000000000018352&menuNo=6010200,6,유가 ․ 곡물 ․ 원자재,2,1,‘16 말,WTI 선물 ($/배럴),53.72
2018-08-02,https://mofe.go.kr/st/ecnmyidx/detailTbEconomyIndicatorView.do?bbsId=MOSFBBS_000000000045&searchNttId1=MOSF_000000000018352&menuNo=6010200,6,유가 ․ 곡물 ․ 원자재,2,2,‘17 말,WTI 선물 ($/배럴),60.42
2018-08-02,https://mofe.go.kr/st/ecnmyidx/detailTbEconomyIndicatorView.do?bbsId=MOSFBBS_000000000045&searchNttId1=MOSF_000000000018352&menuNo=6010200,6,유가 ․ 곡물 ․ 원자재,2,3,‘18.6 말,WTI 선물 ($/배럴),74.15
2018-08-02,https://mofe.go.kr/st/ecnmyidx/detailTbEconomyIndicatorView.do?bbsId=MOSFBBS_000000000045&searchNttId1=MOSF_000000000018352&menuNo=6010200,6,유가 ․ 곡물 ․ 원자재,2,4,7.30,WTI 선물 ($/배럴),70.13
2018-08-02,https://mofe.go.kr/st/ecnmyidx/detailTbEconomyIndicatorView.do?bbsId=MOSFBBS_000000000045&searchNttId1=MOSF_000000000018352&menuNo=6010200,6,유가 ․ 곡물 ․ 원자재,2,5,7.31,WTI 선물 ($/배럴),68.76
2018-08-02,https://mofe.go.kr/st/ecnmyidx/detailTbEconomyIndicatorView.do?bbsId=MOSFBBS_000000000045&searchNttId1=MOSF_000000000018352&menuNo=6010200,6,유가 ․ 곡물 ․ 원자재,2,6,8.1,WTI 선물 ($/배럴),67.66
2018-08-02,https://mofe.go.kr/st/ecnmyidx/detailTbEconomyIndicatorView.do?bbsId=MOSFBBS_000000000045&searchNttId1=MOSF_000000000018352&menuNo=6010200,6,유가 ․ 곡물 ․ 원자재,2,7,전일비,WTI 선물 ($/배럴),△1.60%
2018-08-02,https://mofe.go.kr/st/ecnmyidx/detailTbEconomyIndicatorView.do?bbsId=MOSFBBS_000000000045&searchNttId1=MOSF_000000000018352&menuNo=6010200,6,유가 ․ 곡물 ․ 원자재,2,8,‘17 말비,WTI 선물 ($/배럴),11.98%
2018-08-02,https://mofe.go.kr/st/ecnmyidx/detailTbEconomyIndicatorView.do?bbsId=MOSFBBS_000000000045&searchNttId1=MOSF_000000000018352&menuNo=6010200,6,유가 ․ 곡물 ․ 원자재,3,0,,,Brent 선물 ($/배럴)
2018-08-02,https://mofe.go.kr/st/ecnmyidx/detailTbEconomyIndicatorView.do?bbsId=MOSFBBS_000000000045&searchNttId1=MOSF_000000000018352&menuNo=6010200,6,유가 ․ 곡물 ․ 원자재,3,1,‘16 말,Brent 선물 ($/배럴),56.82
2018-08-02,https://mofe.go.kr/st/ecnmyidx/detailTbEconomyIndicatorView.do?bbsId=MOSFBBS_000000000045&searchNttId1=MOSF_000000000018352&menuNo=6010200,6,유가 ․ 곡물 ․ 원자재,3,2,‘17 말,Brent 선물 ($/배럴),66.87
2018-08-02,https://mofe.go.kr/st/ecnmyidx/detailTbEconomyIndicatorView.do?bbsId=MOSFBBS_000000000045&searchNttId1=MOSF_000000000018352&menuNo=6010200,6,유가 ․ 곡물 ․ 원자재,3,3,‘18.6 말,Brent 선물 ($/배럴),79.44
2018-08-02,https://mofe.go.kr/st/ecnmyidx/detailTbEconomyIndicatorView.do?bbsId=MOSFBBS_000000000045&searchNttId1=MOSF_000000000018352&menuNo=6010200,6,유가 ․ 곡물 ․ 원자재,3,4,7.30,Brent 선물 ($/배럴),74.97
2018-08-02,https://mofe.go.kr/st/ecnmyidx/detailTbEconomyIndicatorView.do?bbsId=MOSFBBS_000000000045&searchNttId1=MOSF_000000000018352&menuNo=6010200,6,유가 ․ 곡물 ․ 원자재,3,5,7.31,Brent 선물 ($/배럴),74.25
2018-08-02,https://mofe.go.kr/st/ecnmyidx/detailTbEconomyIndicatorView.do?bbsId=MOSFBBS_000000000045&searchNttId1=MOSF_000000000018352&menuNo=6010200,6,유가 ․ 곡물 ․ 원자재,3,6,8.1,Brent 선물 ($/배럴),72.39
2018-08-02,https://mofe.go.kr/st/ecnmyidx/detailTbEconomyIndicatorView.do?bbsId=MOSFBBS_000000000045&searchNttId1=MOSF_000000000018352&menuNo=6010200,6,유가 ․ 곡물 ․ 원자재,3,7,전일비,Brent 선물 ($/배럴),△2.51%
2018-08-02,https://mofe.go.kr/st/ecnmyidx/detailTbEconomyIndicatorView.do?bbsId=MOSFBBS_000000000045&searchNttId1=MOSF_000000000018352&menuNo=6010200,6,유가 ․ 곡물 ․ 원자재,3,8,‘17 말비,Brent 선물 ($/배럴),8.25%
2018-08-02,https://mofe.go.kr/st/ecnmyidx/detailTbEconomyIndicatorView.do?bbsId=MOSFBBS_000000000045&searchNttId1=MOSF_000000000018352&menuNo=6010200,6,유가 ․ 곡물 ․ 원자재,4,0,,,원당 (센트/파운드)
2018-08-02,https://mofe.go.kr/st/ecnmyidx/detailTbEconomyIndicatorView.do?bbsId=MOSFBBS_000000000045&searchNttId1=MOSF_000000000018352&menuNo=6010200,6,유가 ․ 곡물 ․ 원자재,4,1,‘16 말,원당 (센트/파운드),19.51
2018-08-02,https://mofe.go.kr/st/ecnmyidx/detailTbEconomyIndicatorView.do?bbsId=MOSFBBS_000000000045&searchNttId1=MOSF_000000000018352&menuNo=6010200,6,유가 ․ 곡물 ․ 원자재,4,2,‘17 말,원당 (센트/파운드),15.16
2018-08-02,https://mofe.go.kr/st/ecnmyidx/detailTbEconomyIndicatorView.do?bbsId=MOSFBBS_000000000045&searchNttId1=MOSF_000000000018352&menuNo=6010200,6,유가 ․ 곡물 ․ 원자재,4,3,‘18.6 말,원당 (센트/파운드),11.86
2018-08-02,https://mofe.go.kr/st/ecnmyidx/detailTbEconomyIndicatorView.do?bbsId=MOSFBBS_000000000045&searchNttId1=MOSF_000000000018352&menuNo=6010200,6,유가 ․ 곡물 ․ 원자재,4,4,7.30,원당 (센트/파운드),10.82
2018-08-02,https://mofe.go.kr/st/ecnmyidx/detailTbEconomyIndicatorView.do?bbsId=MOSFBBS_000000000045&searchNttId1=MOSF_000000000018352&menuNo=6010200,6,유가 ․ 곡물 ․ 원자재,4,5,7.31,원당 (센트/파운드),10.55
2018-08-02,https://mofe.go.kr/st/ecnmyidx/detailTbEconomyIndicatorView.do?bbsId=MOSFBBS_000000000045&searchNttId1=MOSF_000000000018352&menuNo=6010200,6,유가 ․ 곡물 ․ 원자재,4,6,8.1,원당 (센트/파운드),10.48
2018-08-02,https://mofe.go.kr/st/ecnmyidx/detailTbEconomyIndicatorView.do?bbsId=MOSFBBS_000000000045&searchNttId1=MOSF_000000000018352&menuNo=6010200,6,유가 ․ 곡물 ․ 원자재,4,7,전일비,원당 (센트/파운드),△0.66%
2018-08-02,https://mofe.go.kr/st/ecnmyidx/detailTbEconomyIndicatorView.do?bbsId=MOSFBBS_000000000045&searchNttId1=MOSF_000000000018352&menuNo=6010200,6,유가 ․ 곡물 ․ 원자재,4,8,‘17 말비,원당 (센트/파운드),△30.87%
2018-08-02,https://mofe.go.kr/st/ecnmyidx/detailTbEconomyIndicatorView.do?bbsId=MOSFBBS_000000000045&searchNttId1=MOSF_000000000018352&menuNo=6010200,6,유가 ․ 곡물 ․ 원자재,5,0,,,밀 (센트/부셀)
2018-08-02,https://mofe.go.kr/st/ecnmyidx/detailTbEconomyIndicatorView.do?bbsId=MOSFBBS_000000000045&searchNttId1=MOSF_000000000018352&menuNo=6010200,6,유가 ․ 곡물 ․ 원자재,5,1,‘16 말,밀 (센트/부셀),408
2018-08-02,https://mofe.go.kr/st/ecnmyidx/detailTbEconomyIndicatorView.do?bbsId=MOSFBBS_000000000045&searchNttId1=MOSF_000000000018352&menuNo=6010200,6,유가 ․ 곡물 ․ 원자재,5,2,‘17 말,밀 (센트/부셀),427
2018-08-02,https://mofe.go.kr/st/ecnmyidx/detailTbEconomyIndicatorView.do?bbsId=MOSFBBS_000000000045&searchNttId1=MOSF_000000000018352&menuNo=6010200,6,유가 ․ 곡물 ․ 원자재,5,3,‘18.6 말,밀 (센트/부셀),501
2018-08-02,https://mofe.go.kr/st/ecnmyidx/detailTbEconomyIndicatorView.do?bbsId=MOSFBBS_000000000045&searchNttId1=MOSF_000000000018352&menuNo=6010200,6,유가 ․ 곡물 ․ 원자재,5,4,7.30,밀 (센트/부셀),547
2018-08-02,https://mofe.go.kr/st/ecnmyidx/detailTbEconomyIndicatorView.do?bbsId=MOSFBBS_000000000045&searchNttId1=MOSF_000000000018352&menuNo=6010200,6,유가 ․ 곡물 ․ 원자재,5,5,7.31,밀 (센트/부셀),554
2018-08-02,https://mofe.go.kr/st/ecnmyidx/detailTbEconomyIndicatorView.do?bbsId=MOSFBBS_000000000045&searchNttId1=MOSF_000000000018352&menuNo=6010200,6,유가 ․ 곡물 ․ 원자재,5,6,8.1,밀 (센트/부셀),558
2018-08-02,https://mofe.go.kr/st/ecnmyidx/detailTbEconomyIndicatorView.do?bbsId=MOSFBBS_000000000045&searchNttId1=MOSF_000000000018352&menuNo=6010200,6,유가 ․ 곡물 ․ 원자재,5,7,전일비,밀 (센트/부셀),0.72%
2018-08-02,https://mofe.go.kr/st/ecnmyidx/detailTbEconomyIndicatorView.do?bbsId=MOSFBBS_000000000045&searchNttId1=MOSF_000000000018352&menuNo=6010200,6,유가 ․ 곡물 ․ 원자재,5,8,‘17 말비,밀 (센트/부셀),30.68%
2018-08-02,https://mofe.go.kr/st/ecnmyidx/detailTbEconomyIndicatorView.do?bbsId=MOSFBBS_000000000045&searchNttId1=MOSF_000000000018352&menuNo=6010200,6,유가 ․ 곡물 ․ 원자재,6,0,,,콩 (센트/부셀)
2018-08-02,https://mofe.go.kr/st/ecnmyidx/detailTbEconomyIndicatorView.do?bbsId=MOSFBBS_000000000045&searchNttId1=MOSF_000000000018352&menuNo=6010200,6,유가 ․ 곡물 ․ 원자재,6,1,‘16 말,콩 (센트/부셀),"1,004"
2018-08-02,https://mofe.go.kr/st/ecnmyidx/detailTbEconomyIndicatorView.do?bbsId=MOSFBBS_000000000045&searchNttId1=MOSF_000000000018352&menuNo=6010200,6,유가 ․ 곡물 ․ 원자재,6,2,‘17 말,콩 (센트/부셀),962
2018-08-02,https://mofe.go.kr/st/ecnmyidx/detailTbEconomyIndicatorView.do?bbsId=MOSFBBS_000000000045&searchNttId1=MOSF_000000000018352&menuNo=6010200,6,유가 ․ 곡물 ․ 원자재,6,3,‘18.6 말,콩 (센트/부셀),880
2018-08-02,https://mofe.go.kr/st/ecnmyidx/detailTbEconomyIndicatorView.do?bbsId=MOSFBBS_000000000045&searchNttId1=MOSF_000000000018352&menuNo=6010200,6,유가 ․ 곡물 ․ 원자재,6,4,7.30,콩 (센트/부셀),891
2018-08-02,https://mofe.go.kr/st/ecnmyidx/detailTbEconomyIndicatorView.do?bbsId=MOSFBBS_000000000045&searchNttId1=MOSF_000000000018352&menuNo=6010200,6,유가 ․ 곡물 ․ 원자재,6,5,7.31,콩 (센트/부셀),919
2018-08-02,https://mofe.go.kr/st/ecnmyidx/detailTbEconomyIndicatorView.do?bbsId=MOSFBBS_000000000045&searchNttId1=MOSF_000000000018352&menuNo=6010200,6,유가 ․ 곡물 ․ 원자재,6,6,8.1,콩 (센트/부셀),902
2018-08-02,https://mofe.go.kr/st/ecnmyidx/detailTbEconomyIndicatorView.do?bbsId=MOSFBBS_000000000045&searchNttId1=MOSF_000000000018352&menuNo=6010200,6,유가 ․ 곡물 ․ 원자재,6,7,전일비,콩 (센트/부셀),△1.85%
2018-08-02,https://mofe.go.kr/st/ecnmyidx/detailTbEconomyIndicatorView.do?bbsId=MOSFBBS_000000000045&searchNttId1=MOSF_000000000018352&menuNo=6010200,6,유가 ․ 곡물 ․ 원자재,6,8,‘17 말비,콩 (센트/부셀),△6.24%
2018-08-02,https://mofe.go.kr/st/ecnmyidx/detailTbEconomyIndicatorView.do?bbsId=MOSFBBS_000000000045&searchNttId1=MOSF_000000000018352&menuNo=6010200,6,유가 ․ 곡물 ․ 원자재,7,0,,,옥수수 (센트/부셀)
2018-08-02,https://mofe.go.kr/st/ecnmyidx/detailTbEconomyIndicatorView.do?bbsId=MOSFBBS_000000000045&searchNttId1=MOSF_000000000018352&menuNo=6010200,6,유가 ․ 곡물 ․ 원자재,7,1,‘16 말,옥수수 (센트/부셀),352
2018-08-02,https://mofe.go.kr/st/ecnmyidx/detailTbEconomyIndicatorView.do?bbsId=MOSFBBS_000000000045&searchNttId1=MOSF_000000000018352&menuNo=6010200,6,유가 ․ 곡물 ․ 원자재,7,2,‘17 말,옥수수 (센트/부셀),351
2018-08-02,https://mofe.go.kr/st/ecnmyidx/detailTbEconomyIndicatorView.do?bbsId=MOSFBBS_000000000045&searchNttId1=MOSF_000000000018352&menuNo=6010200,6,유가 ․ 곡물 ․ 원자재,7,3,‘18.6 말,옥수수 (센트/부셀),371
2018-08-02,https://mofe.go.kr/st/ecnmyidx/detailTbEconomyIndicatorView.do?bbsId=MOSFBBS_000000000045&searchNttId1=MOSF_000000000018352&menuNo=6010200,6,유가 ․ 곡물 ․ 원자재,7,4,7.30,옥수수 (센트/부셀),381
2018-08-02,https://mofe.go.kr/st/ecnmyidx/detailTbEconomyIndicatorView.do?bbsId=MOSFBBS_000000000045&searchNttId1=MOSF_000000000018352&menuNo=6010200,6,유가 ․ 곡물 ․ 원자재,7,5,7.31,옥수수 (센트/부셀),387
2018-08-02,https://mofe.go.kr/st/ecnmyidx/detailTbEconomyIndicatorView.do?bbsId=MOSFBBS_000000000045&searchNttId1=MOSF_000000000018352&menuNo=6010200,6,유가 ․ 곡물 ․ 원자재,7,6,8.1,옥수수 (센트/부셀),380
2018-08-02,https://mofe.go.kr/st/ecnmyidx/detailTbEconomyIndicatorView.do?bbsId=MOSFBBS_000000000045&searchNttId1=MOSF_000000000018352&menuNo=6010200,6,유가 ․ 곡물 ․ 원자재,7,7,전일비,옥수수 (센트/부셀),△1.81%
2018-08-02,https://mofe.go.kr/st/ecnmyidx/detailTbEconomyIndicatorView.do?bbsId=MOSFBBS_000000000045&searchNttId1=MOSF_000000000018352&menuNo=6010200,6,유가 ․ 곡물 ․ 원자재,7,8,‘17 말비,옥수수 (센트/부셀),8.26%
2018-08-02,https://mofe.go.kr/st/ecnmyidx/detailTbEconomyIndicatorView.do?bbsId=MOSFBBS_000000000045&searchNttId1=MOSF_000000000018352&menuNo=6010200,6,유가 ․ 곡물 ․ 원자재,8,0,,,동 ($/톤)
2018-08-02,https://mofe.go.kr/st/ecnmyidx/detailTbEconomyIndicatorView.do?bbsId=MOSFBBS_000000000045&searchNttId1=MOSF_000000000018352&menuNo=6010200,6,유가 ․ 곡물 ․ 원자재,8,1,‘16 말,동 ($/톤),"5,501"
2018-08-02,https://mofe.go.kr/st/ecnmyidx/detailTbEconomyIndicatorView.do?bbsId=MOSFBBS_000000000045&searchNttId1=MOSF_000000000018352&menuNo=6010200,6,유가 ․ 곡물 ․ 원자재,8,2,‘17 말,동 ($/톤),"7,157"
2018-08-02,https://mofe.go.kr/st/ecnmyidx/detailTbEconomyIndicatorView.do?bbsId=MOSFBBS_000000000045&searchNttId1=MOSF_000000000018352&menuNo=6010200,6,유가 ․ 곡물 ․ 원자재,8,3,‘18.6 말,동 ($/톤),"6,646"
2018-08-02,https://mofe.go.kr/st/ecnmyidx/detailTbEconomyIndicatorView.do?bbsId=MOSFBBS_000000000045&searchNttId1=MOSF_000000000018352&menuNo=6010200,6,유가 ․ 곡물 ․ 원자재,8,4,7.30,동 ($/톤),"6,185"
2018-08-02,https://mofe.go.kr/st/ecnmyidx/detailTbEconomyIndicatorView.do?bbsId=MOSFBBS_000000000045&searchNttId1=MOSF_000000000018352&menuNo=6010200,6,유가 ․ 곡물 ․ 원자재,8,5,7.31,동 ($/톤),"6,213"
2018-08-02,https://mofe.go.kr/st/ecnmyidx/detailTbEconomyIndicatorView.do?bbsId=MOSFBBS_000000000045&searchNttId1=MOSF_000000000018352&menuNo=6010200,6,유가 ․ 곡물 ․ 원자재,8,6,8.1,동 ($/톤),"6,137"
2018-08-02,https://mofe.go.kr/st/ecnmyidx/detailTbEconomyIndicatorView.do?bbsId=MOSFBBS_000000000045&searchNttId1=MOSF_000000000018352&menuNo=6010200,6,유가 ․ 곡물 ․ 원자재,8,7,전일비,동 ($/톤),△1.22%
2018-08-02,https://mofe.go.kr/st/ecnmyidx/detailTbEconomyIndicatorView.do?bbsId=MOSFBBS_000000000045&searchNttId1=MOSF_000000000018352&menuNo=6010200,6,유가 ․ 곡물 ․ 원자재,8,8,‘17 말비,동 ($/톤),△14.25%
2018-08-02,https://mofe.go.kr/st/ecnmyidx/detailTbEconomyIndicatorView.do?bbsId=MOSFBBS_000000000045&searchNttId1=MOSF_000000000018352&menuNo=6010200,6,유가 ․ 곡물 ․ 원자재,9,0,,,알루미늄 ($/톤)
2018-08-02,https://mofe.go.kr/st/ecnmyidx/detailTbEconomyIndicatorView.do?bbsId=MOSFBBS_000000000045&searchNttId1=MOSF_000000000018352&menuNo=6010200,6,유가 ․ 곡물 ․ 원자재,9,1,‘16 말,알루미늄 ($/톤),"1,714"
2018-08-02,https://mofe.go.kr/st/ecnmyidx/detailTbEconomyIndicatorView.do?bbsId=MOSFBBS_000000000045&searchNttId1=MOSF_000000000018352&menuNo=6010200,6,유가 ․ 곡물 ․ 원자재,9,2,‘17 말,알루미늄 ($/톤),"2,242"
2018-08-02,https://mofe.go.kr/st/ecnmyidx/detailTbEconomyIndicatorView.do?bbsId=MOSFBBS_000000000045&searchNttId1=MOSF_000000000018352&menuNo=6010200,6,유가 ․ 곡물 ․ 원자재,9,3,‘18.6 말,알루미늄 ($/톤),"2,183"
2018-08-02,https://mofe.go.kr/st/ecnmyidx/detailTbEconomyIndicatorView.do?bbsId=MOSFBBS_000000000045&searchNttId1=MOSF_000000000018352&menuNo=6010200,6,유가 ․ 곡물 ․ 원자재,9,4,7.30,알루미늄 ($/톤),"2,054"
2018-08-02,https://mofe.go.kr/st/ecnmyidx/detailTbEconomyIndicatorView.do?bbsId=MOSFBBS_000000000045&searchNttId1=MOSF_000000000018352&menuNo=6010200,6,유가 ․ 곡물 ․ 원자재,9,5,7.31,알루미늄 ($/톤),"2,061"
2018-08-02,https://mofe.go.kr/st/ecnmyidx/detailTbEconomyIndicatorView.do?bbsId=MOSFBBS_000000000045&searchNttId1=MOSF_000000000018352&menuNo=6010200,6,유가 ․ 곡물 ․ 원자재,9,6,8.1,알루미늄 ($/톤),"2,036"
2018-08-02,https://mofe.go.kr/st/ecnmyidx/detailTbEconomyIndicatorView.do?bbsId=MOSFBBS_000000000045&searchNttId1=MOSF_000000000018352&menuNo=6010200,6,유가 ․ 곡물 ․ 원자재,9,7,전일비,알루미늄 ($/톤),△1.21%
2018-08-02,https://mofe.go.kr/st/ecnmyidx/detailTbEconomyIndicatorView.do?bbsId=MOSFBBS_000000000045&searchNttId1=MOSF_000000000018352&menuNo=6010200,6,유가 ․ 곡물 ․ 원자재,9,8,‘17 말비,알루미늄 ($/톤),△9.19%
